-- phpMyAdmin SQL Dump
-- version 5.2.1
-- https://www.phpmyadmin.net/
--
-- Host: localhost:8889
-- Generation Time: Dec 07, 2024 at 05:03 PM
-- Server version: 8.0.35
-- PHP Version: 8.2.20

SET SQL_MODE = "NO_AUTO_VALUE_ON_ZERO";
START TRANSACTION;
SET time_zone = "+00:00";


/*!40101 SET @OLD_CHARACTER_SET_CLIENT=@@CHARACTER_SET_CLIENT */;
/*!40101 SET @OLD_CHARACTER_SET_RESULTS=@@CHARACTER_SET_RESULTS */;
/*!40101 SET @OLD_COLLATION_CONNECTION=@@COLLATION_CONNECTION */;
/*!40101 SET NAMES utf8mb4 */;

--
-- Database: `ProjectFinal`
--

-- --------------------------------------------------------

--
-- Table structure for table `airline`
--

CREATE TABLE `airline` (
  `name` varchar(30) NOT NULL
) ENGINE=InnoDB DEFAULT CHARSET=utf8mb4 COLLATE=utf8mb4_0900_ai_ci;

--
-- Dumping data for table `airline`
--

INSERT INTO `airline` (`name`) VALUES
('Alaska Airlines'),
('American Airlines'),
('Delta Air Lines'),
('JetBlue Airways'),
('Southwest Airlines'),
('United Airlines');

-- --------------------------------------------------------

--
-- Table structure for table `airline_staff`
--

CREATE TABLE `airline_staff` (
  `username` varchar(50) NOT NULL,
  `airline_name` varchar(50) DEFAULT NULL,
  `password` varchar(50) NOT NULL,
  `first_name` varchar(50) NOT NULL,
  `last_name` varchar(50) NOT NULL,
  `date_of_birth` date NOT NULL
) ENGINE=InnoDB DEFAULT CHARSET=utf8mb4 COLLATE=utf8mb4_0900_ai_ci;

--
-- Dumping data for table `airline_staff`
--

INSERT INTO `airline_staff` (`username`, `airline_name`, `password`, `first_name`, `last_name`, `date_of_birth`) VALUES
('a@gmail.com', 'JetBlue Airways', '202cb962ac59075b964b07152d234b70', 'Michael', 'Wang', '2024-11-07'),
('alice_wang', 'United Airlines', 'united456', 'Alice', 'Wang', '1995-06-25'),
('amelia_jones', 'JetBlue Airways', 'jetblue456', 'Amelia', 'Jones', '1992-04-05'),
('b@gmail.com', 'Alaska Airlines', '202cb962ac59075b964b07152d234b70', 'Michael', 'Wang', '2222-12-31'),
('emma_green', 'American Airlines', 'aa456', 'Emma', 'Green', '1992-11-30'),
('ethan_clark', 'JetBlue Airways', 'jetblue123', 'Ethan', 'Clark', '1985-01-20'),
('jane_smith', 'Delta Air Lines', 'delta456', 'Jane', 'Smith', '1990-07-22'),
('john_doe', 'Delta Air Lines', 'delta123', 'John', 'Doe', '1985-03-15'),
('kevin_li', 'Southwest Airlines', 'sw123', 'Kevin', 'Li', '1989-10-12'),
('logan_davis', 'United Airlines', 'united123', 'Logan', 'Davis', '1987-05-10'),
('lucas_martin', 'Alaska Airlines', 'alaska123', 'Lucas', 'Martin', '1980-12-01'),
('mia_robinson', 'Alaska Airlines', 'alaska456', 'Mia', 'Robinson', '1990-08-08'),
('michael_brown', 'American Airlines', 'aa123', 'Michael', 'Brown', '1988-04-15'),
('sophia_martinez', 'Southwest Airlines', 'sw456', 'Sophia', 'Martinez', '1993-03-18');

-- --------------------------------------------------------

--
-- Table structure for table `airline_staff_email`
--

CREATE TABLE `airline_staff_email` (
  `username` varchar(50) NOT NULL,
  `email_address` varchar(50) NOT NULL
) ENGINE=InnoDB DEFAULT CHARSET=utf8mb4 COLLATE=utf8mb4_0900_ai_ci;

--
-- Dumping data for table `airline_staff_email`
--

INSERT INTO `airline_staff_email` (`username`, `email_address`) VALUES
('b@gmail.com', 'wangmichael@nyu.edu');

-- --------------------------------------------------------

--
-- Table structure for table `airline_staff_phone_number`
--

CREATE TABLE `airline_staff_phone_number` (
  `username` varchar(50) NOT NULL,
  `phone_number` varchar(50) NOT NULL
) ENGINE=InnoDB DEFAULT CHARSET=utf8mb4 COLLATE=utf8mb4_0900_ai_ci;

--
-- Dumping data for table `airline_staff_phone_number`
--

INSERT INTO `airline_staff_phone_number` (`username`, `phone_number`) VALUES
('b@gmail.com', '5109469281');

-- --------------------------------------------------------

--
-- Table structure for table `airplane`
--

CREATE TABLE `airplane` (
  `airline_name` varchar(50) NOT NULL,
  `ID` int NOT NULL,
  `num_seats` int NOT NULL,
  `manufacturing_company` varchar(50) NOT NULL,
  `model_num` varchar(15) NOT NULL,
  `manufacturing_date` date NOT NULL,
  `age` int NOT NULL
) ENGINE=InnoDB DEFAULT CHARSET=utf8mb4 COLLATE=utf8mb4_0900_ai_ci;

--
-- Dumping data for table `airplane`
--

INSERT INTO `airplane` (`airline_name`, `ID`, `num_seats`, `manufacturing_company`, `model_num`, `manufacturing_date`, `age`) VALUES
('Alaska Airlines', 2344, 25, 'Boeing', '747', '2023-12-23', 0),
('Alaska Airlines', 5021, 160, 'Airbus', 'A320', '2016-06-18', 8),
('Alaska Airlines', 5022, 20000, 'Boeing', '747', '2024-12-03', 0),
('Alaska Airlines', 5074, 190, 'Boeing', '737', '2018-10-10', 6),
('Alaska Airlines', 5089, 200, 'Boeing', '737 MAX 9', '2020-01-15', 4),
('Alaska Airlines', 124124, 2, 'Boeing', '1241124', '1111-12-12', 912),
('Alaska Airlines', 232343, 234, 'Boeing', '1241124', '1222-12-12', 801),
('Alaska Airlines', 324234, 123, 'Boeing', '1241124', '1212-12-12', 0),
('Alaska Airlines', 32423567, 123, 'Boeing', '1241124', '1212-12-12', 0),
('American Airlines', 2018, 250, 'Boeing', '757', '2014-08-12', 10),
('American Airlines', 2055, 300, 'Airbus', 'A321', '2019-09-15', 5),
('Delta Air Lines', 1012, 180, 'Boeing', '737', '2015-06-15', 9),
('Delta Air Lines', 1025, 200, 'Airbus', 'A320', '2018-04-20', 6),
('Delta Air Lines', 1043, 250, 'Boeing', '757', '2012-07-10', 12),
('JetBlue Airways', 6014, 150, 'Embraer', 'E190', '2014-04-12', 10),
('JetBlue Airways', 6043, 200, 'Airbus', 'A321', '2020-03-20', 4),
('Southwest Airlines', 4012, 175, 'Boeing', '737', '2013-11-20', 11),
('Southwest Airlines', 4038, 175, 'Boeing', '737', '2017-01-15', 7),
('Southwest Airlines', 4067, 189, 'Boeing', '737 MAX 8', '2019-09-10', 5),
('United Airlines', 3019, 280, 'Boeing', '777', '2012-03-10', 12),
('United Airlines', 3041, 320, 'Airbus', 'A330', '2016-07-25', 8);

-- --------------------------------------------------------

--
-- Table structure for table `airport`
--

CREATE TABLE `airport` (
  `code` varchar(20) NOT NULL,
  `name` varchar(50) NOT NULL,
  `city` varchar(50) NOT NULL,
  `country` varchar(50) NOT NULL,
  `num_terminals` int NOT NULL,
  `airport_type` varchar(30) NOT NULL
) ENGINE=InnoDB DEFAULT CHARSET=utf8mb4 COLLATE=utf8mb4_0900_ai_ci;

--
-- Dumping data for table `airport`
--

INSERT INTO `airport` (`code`, `name`, `city`, `country`, `num_terminals`, `airport_type`) VALUES
('ABC', 'Tandon', 'Brooklyn', 'USA', 10000, 'Domestic'),
('JFK', 'John F. Kennedy International Airport', 'New York', 'United States', 6, 'Both'),
('LAX', 'Los Angeles International Airport', 'Los Angeles', 'United States', 9, 'Both'),
('PVG', 'Shanghai Pudong International Airport', 'Shanghai', 'China', 2, 'Both');

-- --------------------------------------------------------

--
-- Table structure for table `customer`
--

CREATE TABLE `customer` (
  `email_address` varchar(50) NOT NULL,
  `password` varchar(50) NOT NULL,
  `first_name` varchar(50) NOT NULL,
  `last_name` varchar(50) NOT NULL,
  `building_name` varchar(50) NOT NULL,
  `street_name` varchar(50) NOT NULL,
  `apt_num` varchar(50) NOT NULL,
  `city` varchar(50) NOT NULL,
  `state` varchar(50) NOT NULL,
  `zipcode` int NOT NULL,
  `date_of_birth` date NOT NULL,
  `passport_number` varchar(50) NOT NULL,
  `passport_expiration` date NOT NULL,
  `passport_country` varchar(50) NOT NULL
) ENGINE=InnoDB DEFAULT CHARSET=utf8mb4 COLLATE=utf8mb4_0900_ai_ci;

--
-- Dumping data for table `customer`
--

INSERT INTO `customer` (`email_address`, `password`, `first_name`, `last_name`, `building_name`, `street_name`, `apt_num`, `city`, `state`, `zipcode`, `date_of_birth`, `passport_number`, `passport_expiration`, `passport_country`) VALUES
('a@gmail.com', '202cb962ac59075b964b07152d234b70', 'STEPH', 'Wang', 'othmer', '1903 Lockwood Ave', '', 'Fremont', 'California', 94539, '2024-11-09', '1234', '2024-11-29', 'USA'),
('b@gmail.com', '202cb962ac59075b964b07152d234b70', 'Michael', 'Wang', 'othmer', '1903 Lockwood Ave', '', 'Fremont', 'California', 94539, '2122-12-31', '12223424', '2024-12-31', 'usa'),
('bob.johnson@aol.com', 'securepass456', 'Bobby', 'Johnson', 'Riverfront Condos', 'Broadway', '5A', 'Los Angeles', 'CA', 90012, '1990-07-22', 'P87654321', '2029-08-10', 'United States'),
('emma.green@icloud.com', 'emma2023!', 'Emma', 'Green', 'Sunset Towers', 'Market Street', '12B', 'San Francisco', 'CA', 94103, '1988-11-10', 'C65432189', '2028-11-20', 'Canada'),
('john.doe@gmail.com', 'password123', 'John', 'Doe', 'Greenwood Apartments', 'Main Street', '101', 'New York', 'NY', 10001, '1985-03-15', 'P12345678', '2030-05-15', 'United States'),
('kevin.li@protonmail.com', 'k3vinli$', 'Kevin', 'Li', 'Highrise Plaza', 'Elm Street', '22C', 'Seattle', 'WA', 98101, '1993-12-05', 'D28374659', '2032-04-25', 'China'),
('mzw2010@nyu.edu', '123', 'Michael', 'Wang', 'othmer', '101 Johnson St', '1703', 'Brooklyn', 'California', 94539, '2024-11-20', '12345', '2024-11-20', 'USA');

-- --------------------------------------------------------

--
-- Table structure for table `customer_phone_number`
--

CREATE TABLE `customer_phone_number` (
  `email_address` varchar(50) NOT NULL,
  `phone_number` varchar(50) NOT NULL
) ENGINE=InnoDB DEFAULT CHARSET=utf8mb4 COLLATE=utf8mb4_0900_ai_ci;

--
-- Dumping data for table `customer_phone_number`
--

INSERT INTO `customer_phone_number` (`email_address`, `phone_number`) VALUES
('a@gmail.com', '5109469281'),
('b@gmail.com', '5109469281');

-- --------------------------------------------------------

--
-- Table structure for table `flight`
--

CREATE TABLE `flight` (
  `airline_name` varchar(50) NOT NULL,
  `flight_number` varchar(50) NOT NULL,
  `departure_time` time NOT NULL,
  `departure_date` date NOT NULL,
  `arrival_date` date NOT NULL,
  `arrival_time` time NOT NULL,
  `base_price` float NOT NULL,
  `flight_status` varchar(20) NOT NULL,
  `departure_airport_code` varchar(20) NOT NULL,
  `arrival_airport_code` varchar(20) NOT NULL,
  `airplane_id` int DEFAULT NULL
) ENGINE=InnoDB DEFAULT CHARSET=utf8mb4 COLLATE=utf8mb4_0900_ai_ci;

--
-- Dumping data for table `flight`
--

INSERT INTO `flight` (`airline_name`, `flight_number`, `departure_time`, `departure_date`, `arrival_date`, `arrival_time`, `base_price`, `flight_status`, `departure_airport_code`, `arrival_airport_code`, `airplane_id`) VALUES
('Alaska Airlines', 'AS7324A', '10:30:00', '2024-11-10', '2024-11-10', '13:45:00', 270.15, 'On-Time', 'JFK', 'LAX', 5021),
('Alaska Airlines', 'AS7324C', '20:30:00', '2024-12-03', '2024-12-04', '20:30:00', 150, 'Delayed', 'JFK', 'LAX', 5021),
('Alaska Airlines', 'AS7324D', '12:30:00', '2024-12-24', '2024-12-25', '13:03:00', 200, 'On-Time', 'JFK', 'LAX', 5021),
('Alaska Airlines', 'AS7324E', '22:00:00', '2024-12-25', '2024-12-26', '22:00:00', 100, 'On-Time', 'JFK', 'LAX', 5021),
('Alaska Airlines', 'AS7324F', '15:03:00', '2025-01-07', '2026-12-04', '12:42:00', 149.95, 'On-Time', 'JFK', 'LAX', 5021),
('Alaska Airlines', 'AS7324G', '12:12:00', '1211-12-12', '1212-12-12', '12:12:00', 1211, 'On-Time', 'JFK', 'LAX', 5021),
('Alaska Airlines', 'AS7324G', '13:03:00', '2024-12-30', '2024-12-31', '22:30:00', 324, 'On-Time', 'LAX', 'JFK', 5021),
('Alaska Airlines', 'AS7324H', '10:30:00', '2024-12-03', '2024-12-31', '10:30:00', 122.98, 'On-Time', 'JFK', 'LAX', 5021),
('Alaska Airlines', 'AS7324K', '01:00:00', '2024-12-08', '2024-12-08', '03:00:00', 21414, 'On-Time', 'JFK', 'LAX', 5074),
('American Airlines', 'AA7123B', '16:00:00', '2024-11-10', '2024-11-10', '20:00:00', 310.65, 'Delayed', 'PVG', 'JFK', 2055),
('American Airlines', 'AA9841A', '06:30:00', '2024-11-10', '2024-11-10', '10:00:00', 290.21, 'On-Time', 'LAX', 'JFK', 2018),
('Delta Air Lines', 'DL3892B', '15:00:00', '2024-11-10', '2024-11-10', '18:00:00', 324.54, 'Delayed', 'LAX', 'PVG', 1025),
('Delta Air Lines', 'DL4521A', '08:00:00', '2024-11-10', '2024-11-10', '11:30:00', 251.46, 'On-Time', 'JFK', 'LAX', 1012),
('Delta Air Lines', 'DL4521A', '08:00:00', '2024-12-10', '2024-12-10', '11:30:00', 251.46, 'On-Time', 'JFK', 'LAX', 1012),
('JetBlue Airways', 'JB6078C', '10:30:00', '2024-11-11', '2024-11-11', '13:15:00', 230.64, 'Canceled', 'JFK', 'PVG', 6014),
('JetBlue Airways', 'JB6078D', '10:30:00', '2024-12-30', '2024-12-30', '15:00:00', 1000, 'On-Time', 'JFK', 'LAX', 6014),
('Southwest Airlines', 'SW2394C', '12:00:00', '2024-11-11', '2024-11-11', '14:00:00', 180.16, 'On-Time', 'PVG', 'LAX', 4067),
('Southwest Airlines', 'SW7418D', '08:30:00', '2024-11-12', '2024-11-12', '11:00:00', 210.74, 'Delayed', 'LAX', 'JFK', 4012),
('United Airlines', 'UA5132A', '09:00:00', '2024-11-10', '2024-11-10', '12:00:00', 310.52, 'Canceled', 'LAX', 'JFK', 3019),
('United Airlines', 'UA6829B', '13:30:00', '2024-11-10', '2024-11-10', '16:30:00', 280.12, 'Delayed', 'JFK', 'PVG', 3041);

-- --------------------------------------------------------

--
-- Table structure for table `maintenance_procedure`
--

CREATE TABLE `maintenance_procedure` (
  `airline_name` varchar(50) NOT NULL,
  `ID` int NOT NULL,
  `maintenance_start_time` time NOT NULL,
  `maintenance_start_date` date NOT NULL,
  `maintenance_end_time` time NOT NULL,
  `maintenance_end_date` date NOT NULL
) ENGINE=InnoDB DEFAULT CHARSET=utf8mb4 COLLATE=utf8mb4_0900_ai_ci;

--
-- Dumping data for table `maintenance_procedure`
--

INSERT INTO `maintenance_procedure` (`airline_name`, `ID`, `maintenance_start_time`, `maintenance_start_date`, `maintenance_end_time`, `maintenance_end_date`) VALUES
('Alaska Airlines', 5021, '12:10:00', '2024-12-04', '22:30:00', '2024-12-10'),
('Alaska Airlines', 5021, '20:31:00', '2024-12-03', '20:35:00', '2024-12-06'),
('Alaska Airlines', 5074, '19:30:00', '2024-12-05', '21:30:00', '2024-12-03');

-- --------------------------------------------------------

--
-- Table structure for table `purchase`
--

CREATE TABLE `purchase` (
  `email_address` varchar(50) NOT NULL,
  `ID` int NOT NULL,
  `ticket_user_first_name` varchar(50) NOT NULL,
  `ticket_user_last_name` varchar(50) NOT NULL,
  `ticket_user_date_of_birth` date NOT NULL,
  `purchase_date` date NOT NULL,
  `purchase_time` time NOT NULL,
  `card_type` varchar(50) NOT NULL,
  `card_number` decimal(20,0) DEFAULT NULL,
  `card_name` varchar(50) NOT NULL,
  `expiration_date` date NOT NULL
) ENGINE=InnoDB DEFAULT CHARSET=utf8mb4 COLLATE=utf8mb4_0900_ai_ci;

--
-- Dumping data for table `purchase`
--

INSERT INTO `purchase` (`email_address`, `ID`, `ticket_user_first_name`, `ticket_user_last_name`, `ticket_user_date_of_birth`, `purchase_date`, `purchase_time`, `card_type`, `card_number`, `card_name`, `expiration_date`) VALUES
('a@gmail.com', 10001, 'Michael', 'Wang', '2024-12-12', '2024-12-03', '20:25:12', 'Debit', 2345678, 'Michael Wang', '2024-12-27'),
('a@gmail.com', 10002, 'Michael', 'Wang', '3000-12-12', '2024-12-07', '10:20:15', 'Debit', 234952350238502, 'Michael LEBRON', '1232-12-04'),
('a@gmail.com', 10003, 'Michael', 'Wang', '1111-11-11', '2024-12-05', '17:09:55', 'Debit', 1231324124, 'Michael Wang', '1111-11-21'),
('a@gmail.com', 10004, 'Michael', 'Wang', '1111-11-11', '2024-12-05', '17:10:46', 'Debit', 21242414, 'Michael Wang', '1111-11-11'),
('a@gmail.com', 10005, 'Michael', 'Wang', '1111-11-11', '2024-12-05', '17:11:01', 'Debit', 23124141241, 'Michael Wang', '1111-11-11'),
('a@gmail.com', 10006, 'Michael', 'Wang', '3423-02-15', '2024-12-04', '16:50:46', 'Debit', 4242342423, 'Michael Wang', '2333-02-04'),
('a@gmail.com', 10007, 'Michael', 'Wang', '1111-11-11', '2024-12-05', '17:11:21', 'Credit', 123124124, 'Michael Wang', '1111-11-11'),
('a@gmail.com', 10008, 'Michael', 'Wang', '3423-02-15', '2024-12-04', '16:50:46', 'Debit', 4242342423, 'Michael Wang', '2333-02-04'),
('a@gmail.com', 10009, 'Michael', 'Wang', '3423-02-15', '2024-12-04', '16:50:46', 'Debit', 4242342423, 'Michael Wang', '2333-02-04'),
('a@gmail.com', 10010, 'Michael', 'Wang', '3423-02-15', '2024-12-04', '16:50:46', 'Debit', 4242342423, 'Michael Wang', '2333-02-04'),
('a@gmail.com', 10011, 'Michael', 'Wang', '3423-02-15', '2024-12-04', '16:50:46', 'Debit', 4242342423, 'Michael Wang', '2333-02-04'),
('a@gmail.com', 10012, 'Michael', 'Wang', '3423-02-15', '2024-12-04', '16:50:46', 'Debit', 4242342423, 'Michael Wang', '2333-02-04'),
('a@gmail.com', 10013, 'Michael', 'Wang', '3423-02-15', '2024-12-04', '16:50:46', 'Debit', 4242342423, 'Michael Wang', '2333-02-04'),
('a@gmail.com', 10014, 'Michael', 'Wang', '3423-02-15', '2024-12-04', '16:50:46', 'Debit', 4242342423, 'Michael Wang', '2333-02-04'),
('a@gmail.com', 10015, 'Michael', 'Wang', '3423-02-15', '2024-12-04', '16:50:46', 'Debit', 4242342423, 'Michael Wang', '2333-02-04'),
('a@gmail.com', 10016, 'Michael', 'Wang', '3423-02-15', '2024-12-04', '16:50:46', 'Debit', 4242342423, 'Michael Wang', '2333-02-04'),
('a@gmail.com', 10017, 'Michael', 'Wang', '3423-02-15', '2024-12-04', '16:50:46', 'Debit', 4242342423, 'Michael Wang', '2333-02-04'),
('a@gmail.com', 10018, 'Michael', 'Wang', '3423-02-15', '2024-12-04', '16:50:46', 'Debit', 4242342423, 'Michael Wang', '2333-02-04'),
('a@gmail.com', 10019, 'Michael', 'Wang', '3423-02-15', '2024-12-04', '16:50:46', 'Debit', 4242342423, 'Michael Wang', '2333-02-04'),
('a@gmail.com', 10020, 'Michael', 'Wang', '3423-02-15', '2024-12-04', '16:50:46', 'Debit', 4242342423, 'Michael Wang', '2333-02-04'),
('a@gmail.com', 10021, 'Michael', 'Wang', '3423-02-15', '2024-12-04', '16:50:46', 'Debit', 4242342423, 'Michael Wang', '2333-02-04'),
('a@gmail.com', 10022, 'Michael', 'Wang', '3423-02-15', '2024-12-04', '16:50:46', 'Debit', 4242342423, 'Michael Wang', '2333-02-04'),
('a@gmail.com', 10023, 'Michael', 'Wang', '3423-02-15', '2024-12-04', '16:50:46', 'Debit', 4242342423, 'Michael Wang', '2333-02-04'),
('a@gmail.com', 10024, 'Michael', 'Wang', '3423-02-15', '2024-12-04', '16:50:46', 'Debit', 4242342423, 'Michael Wang', '2333-02-04'),
('a@gmail.com', 10025, 'Michael', 'Wang', '3423-02-15', '2024-12-04', '16:50:46', 'Debit', 4242342423, 'Michael Wang', '2333-02-04'),
('a@gmail.com', 10026, 'Michael', 'Wang', '3423-02-15', '2024-12-04', '16:50:46', 'Debit', 4242342423, 'Michael Wang', '2333-02-04'),
('a@gmail.com', 10027, 'Michael', 'Wang', '3423-02-15', '2024-12-04', '16:50:46', 'Debit', 4242342423, 'Michael Wang', '2333-02-04'),
('a@gmail.com', 10028, 'Michael', 'Wang', '3423-02-15', '2024-12-04', '16:50:46', 'Debit', 4242342423, 'Michael Wang', '2333-02-04'),
('a@gmail.com', 10029, 'Michael', 'Wang', '3423-02-15', '2024-12-04', '16:50:46', 'Debit', 4242342423, 'Michael Wang', '2333-02-04'),
('a@gmail.com', 10030, 'Michael', 'Wang', '3423-02-15', '2024-12-04', '16:50:46', 'Debit', 4242342423, 'Michael Wang', '2333-02-04'),
('a@gmail.com', 10031, 'Michael', 'Wang', '3423-02-15', '2024-12-04', '16:50:46', 'Debit', 4242342423, 'Michael Wang', '2333-02-04'),
('a@gmail.com', 10032, 'Michael', 'Wang', '3423-02-15', '2024-12-04', '16:50:46', 'Debit', 4242342423, 'Michael Wang', '2333-02-04'),
('a@gmail.com', 10033, 'Michael', 'Wang', '3423-02-15', '2024-12-04', '16:50:46', 'Debit', 4242342423, 'Michael Wang', '2333-02-04'),
('a@gmail.com', 10034, 'Michael', 'Wang', '3423-02-15', '2024-12-04', '16:50:46', 'Debit', 4242342423, 'Michael Wang', '2333-02-04'),
('a@gmail.com', 10035, 'Michael', 'Wang', '3423-02-15', '2024-12-04', '16:50:46', 'Debit', 4242342423, 'Michael Wang', '2333-02-04'),
('a@gmail.com', 10036, 'Michael', 'Wang', '3423-02-15', '2024-12-04', '16:50:46', 'Debit', 4242342423, 'Michael Wang', '2333-02-04'),
('a@gmail.com', 10037, 'Michael', 'Wang', '3423-02-15', '2024-12-04', '16:50:46', 'Debit', 4242342423, 'Michael Wang', '2333-02-04'),
('a@gmail.com', 10038, 'Michael', 'Wang', '3423-02-15', '2024-12-04', '16:50:46', 'Debit', 4242342423, 'Michael Wang', '2333-02-04'),
('a@gmail.com', 10039, 'Michael', 'Wang', '3423-02-15', '2024-12-04', '16:50:46', 'Debit', 4242342423, 'Michael Wang', '2333-02-04'),
('a@gmail.com', 10040, 'Michael', 'Wang', '3423-02-15', '2024-12-04', '16:50:46', 'Debit', 4242342423, 'Michael Wang', '2333-02-04'),
('a@gmail.com', 10041, 'Michael', 'Wang', '3423-02-15', '2024-12-04', '16:50:46', 'Debit', 4242342423, 'Michael Wang', '2333-02-04'),
('a@gmail.com', 10042, 'Michael', 'Wang', '3423-02-15', '2024-12-04', '16:50:46', 'Debit', 4242342423, 'Michael Wang', '2333-02-04'),
('a@gmail.com', 10043, 'Michael', 'Wang', '3423-02-15', '2024-12-04', '16:50:46', 'Debit', 4242342423, 'Michael Wang', '2333-02-04'),
('a@gmail.com', 10044, 'Michael', 'Wang', '3423-02-15', '2024-12-04', '16:50:46', 'Debit', 4242342423, 'Michael Wang', '2333-02-04'),
('a@gmail.com', 10045, 'Michael', 'Wang', '3423-02-15', '2024-12-04', '16:50:46', 'Debit', 4242342423, 'Michael Wang', '2333-02-04'),
('a@gmail.com', 10046, 'Michael', 'Wang', '3423-02-15', '2024-12-04', '16:50:46', 'Debit', 4242342423, 'Michael Wang', '2333-02-04'),
('a@gmail.com', 10047, 'Michael', 'Wang', '3423-02-15', '2024-12-04', '16:50:46', 'Debit', 4242342423, 'Michael Wang', '2333-02-04'),
('a@gmail.com', 10048, 'Michael', 'Wang', '3423-02-15', '2024-12-04', '16:50:46', 'Debit', 4242342423, 'Michael Wang', '2333-02-04'),
('a@gmail.com', 10049, 'Michael', 'Wang', '3423-02-15', '2024-12-04', '16:50:46', 'Debit', 4242342423, 'Michael Wang', '2333-02-04'),
('a@gmail.com', 10050, 'Michael', 'Wang', '3423-02-15', '2024-12-04', '16:50:46', 'Debit', 4242342423, 'Michael Wang', '2333-02-04'),
('a@gmail.com', 10051, 'Michael', 'Wang', '3423-02-15', '2024-12-04', '16:50:46', 'Debit', 4242342423, 'Michael Wang', '2333-02-04'),
('a@gmail.com', 10052, 'Michael', 'Wang', '3423-02-15', '2024-12-04', '16:50:46', 'Debit', 4242342423, 'Michael Wang', '2333-02-04'),
('a@gmail.com', 10053, 'Michael', 'Wang', '3423-02-15', '2024-12-04', '16:50:46', 'Debit', 4242342423, 'Michael Wang', '2333-02-04'),
('a@gmail.com', 10054, 'Michael', 'Wang', '3423-02-15', '2024-12-04', '16:50:46', 'Debit', 4242342423, 'Michael Wang', '2333-02-04'),
('a@gmail.com', 10055, 'Michael', 'Wang', '3423-02-15', '2024-12-04', '16:50:46', 'Debit', 4242342423, 'Michael Wang', '2333-02-04'),
('a@gmail.com', 10056, 'Michael', 'Wang', '3423-02-15', '2024-12-04', '16:50:46', 'Debit', 4242342423, 'Michael Wang', '2333-02-04'),
('a@gmail.com', 10057, 'Michael', 'Wang', '3423-02-15', '2024-12-04', '16:50:46', 'Debit', 4242342423, 'Michael Wang', '2333-02-04'),
('a@gmail.com', 10058, 'Michael', 'Wang', '3423-02-15', '2024-12-04', '16:50:46', 'Debit', 4242342423, 'Michael Wang', '2333-02-04'),
('a@gmail.com', 10059, 'Michael', 'Wang', '3423-02-15', '2024-12-04', '16:50:46', 'Debit', 4242342423, 'Michael Wang', '2333-02-04'),
('a@gmail.com', 10060, 'Michael', 'Wang', '3423-02-15', '2024-12-04', '16:50:46', 'Debit', 4242342423, 'Michael Wang', '2333-02-04'),
('a@gmail.com', 10061, 'Michael', 'Wang', '3423-02-15', '2024-12-04', '16:50:46', 'Debit', 4242342423, 'Michael Wang', '2333-02-04'),
('a@gmail.com', 10062, 'Michael', 'Wang', '3423-02-15', '2024-12-04', '16:50:46', 'Debit', 4242342423, 'Michael Wang', '2333-02-04'),
('a@gmail.com', 10063, 'Michael', 'Wang', '3423-02-15', '2024-12-04', '16:50:46', 'Debit', 4242342423, 'Michael Wang', '2333-02-04'),
('a@gmail.com', 10064, 'Michael', 'Wang', '3423-02-15', '2024-12-04', '16:50:46', 'Debit', 4242342423, 'Michael Wang', '2333-02-04'),
('a@gmail.com', 10065, 'Michael', 'Wang', '3423-02-15', '2024-12-04', '16:50:46', 'Debit', 4242342423, 'Michael Wang', '2333-02-04'),
('a@gmail.com', 10066, 'Michael', 'Wang', '3423-02-15', '2024-12-04', '16:50:46', 'Debit', 4242342423, 'Michael Wang', '2333-02-04'),
('a@gmail.com', 10067, 'Michael', 'Wang', '3423-02-15', '2024-12-04', '16:50:46', 'Debit', 4242342423, 'Michael Wang', '2333-02-04'),
('a@gmail.com', 10068, 'Michael', 'Wang', '3423-02-15', '2024-12-04', '16:50:46', 'Debit', 4242342423, 'Michael Wang', '2333-02-04'),
('a@gmail.com', 10069, 'Michael', 'Wang', '3423-02-15', '2024-12-04', '16:50:46', 'Debit', 4242342423, 'Michael Wang', '2333-02-04'),
('a@gmail.com', 10070, 'Michael', 'Wang', '3423-02-15', '2024-12-04', '16:50:46', 'Debit', 4242342423, 'Michael Wang', '2333-02-04'),
('a@gmail.com', 10071, 'Michael', 'Wang', '3423-02-15', '2024-12-04', '16:50:46', 'Debit', 4242342423, 'Michael Wang', '2333-02-04'),
('a@gmail.com', 10072, 'Michael', 'Wang', '3423-02-15', '2024-12-04', '16:50:46', 'Debit', 4242342423, 'Michael Wang', '2333-02-04'),
('a@gmail.com', 10073, 'Michael', 'Wang', '3423-02-15', '2024-12-04', '16:50:46', 'Debit', 4242342423, 'Michael Wang', '2333-02-04'),
('a@gmail.com', 10074, 'Michael', 'Wang', '3423-02-15', '2024-12-04', '16:50:46', 'Debit', 4242342423, 'Michael Wang', '2333-02-04'),
('a@gmail.com', 10075, 'Michael', 'Wang', '3423-02-15', '2024-12-04', '16:50:46', 'Debit', 4242342423, 'Michael Wang', '2333-02-04'),
('a@gmail.com', 10076, 'Michael', 'Wang', '3423-02-15', '2024-12-04', '16:50:46', 'Debit', 4242342423, 'Michael Wang', '2333-02-04'),
('a@gmail.com', 10077, 'Michael', 'Wang', '3423-02-15', '2024-12-04', '16:50:46', 'Debit', 4242342423, 'Michael Wang', '2333-02-04'),
('a@gmail.com', 10078, 'Michael', 'Wang', '3423-02-15', '2024-12-04', '16:50:46', 'Debit', 4242342423, 'Michael Wang', '2333-02-04'),
('a@gmail.com', 10079, 'Michael', 'Wang', '3423-02-15', '2024-12-04', '16:50:46', 'Debit', 4242342423, 'Michael Wang', '2333-02-04'),
('a@gmail.com', 10080, 'Michael', 'Wang', '3423-02-15', '2024-12-04', '16:50:46', 'Debit', 4242342423, 'Michael Wang', '2333-02-04'),
('a@gmail.com', 10081, 'Michael', 'Wang', '3423-02-15', '2024-12-04', '16:50:46', 'Debit', 4242342423, 'Michael Wang', '2333-02-04'),
('a@gmail.com', 10082, 'Michael', 'Wang', '3423-02-15', '2024-12-04', '16:50:46', 'Debit', 4242342423, 'Michael Wang', '2333-02-04'),
('a@gmail.com', 10083, 'Michael', 'Wang', '3423-02-15', '2024-12-04', '16:50:46', 'Debit', 4242342423, 'Michael Wang', '2333-02-04'),
('a@gmail.com', 10084, 'Michael', 'Wang', '3423-02-15', '2024-12-04', '16:50:46', 'Debit', 4242342423, 'Michael Wang', '2333-02-04'),
('a@gmail.com', 10085, 'Michael', 'Wang', '3423-02-15', '2024-12-04', '16:50:46', 'Debit', 4242342423, 'Michael Wang', '2333-02-04'),
('a@gmail.com', 10086, 'Michael', 'Wang', '3423-02-15', '2024-12-04', '16:50:46', 'Debit', 4242342423, 'Michael Wang', '2333-02-04'),
('a@gmail.com', 10087, 'Michael', 'Wang', '3423-02-15', '2024-12-04', '16:50:46', 'Debit', 4242342423, 'Michael Wang', '2333-02-04'),
('a@gmail.com', 10088, 'Michael', 'Wang', '3423-02-15', '2024-12-04', '16:50:46', 'Debit', 4242342423, 'Michael Wang', '2333-02-04'),
('a@gmail.com', 10089, 'Michael', 'Wang', '3423-02-15', '2024-12-04', '16:50:46', 'Debit', 4242342423, 'Michael Wang', '2333-02-04'),
('a@gmail.com', 10090, 'Michael', 'Wang', '3423-02-15', '2024-12-04', '16:50:46', 'Debit', 4242342423, 'Michael Wang', '2333-02-04'),
('a@gmail.com', 10091, 'Michael', 'Wang', '3423-02-15', '2024-12-04', '16:50:46', 'Debit', 4242342423, 'Michael Wang', '2333-02-04'),
('a@gmail.com', 10092, 'Michael', 'Wang', '3423-02-15', '2024-12-04', '16:50:46', 'Debit', 4242342423, 'Michael Wang', '2333-02-04'),
('a@gmail.com', 10093, 'Michael', 'Wang', '3423-02-15', '2024-12-04', '16:50:46', 'Debit', 4242342423, 'Michael Wang', '2333-02-04'),
('a@gmail.com', 10094, 'Michael', 'Wang', '3423-02-15', '2024-12-04', '16:50:46', 'Debit', 4242342423, 'Michael Wang', '2333-02-04'),
('a@gmail.com', 10095, 'Michael', 'Wang', '3423-02-15', '2024-12-04', '16:50:46', 'Debit', 4242342423, 'Michael Wang', '2333-02-04'),
('a@gmail.com', 10096, 'Michael', 'Wang', '3423-02-15', '2024-12-04', '16:50:46', 'Debit', 4242342423, 'Michael Wang', '2333-02-04'),
('a@gmail.com', 10097, 'Michael', 'Wang', '3423-02-15', '2024-12-04', '16:50:46', 'Debit', 4242342423, 'Michael Wang', '2333-02-04'),
('a@gmail.com', 10098, 'Michael', 'Wang', '3423-02-15', '2024-12-04', '16:50:46', 'Debit', 4242342423, 'Michael Wang', '2333-02-04'),
('a@gmail.com', 10099, 'Michael', 'Wang', '3423-02-15', '2024-12-04', '16:50:46', 'Debit', 4242342423, 'Michael Wang', '2333-02-04'),
('a@gmail.com', 10100, 'Michael', 'Wang', '3423-02-15', '2024-12-04', '16:50:46', 'Debit', 4242342423, 'Michael Wang', '2333-02-04'),
('a@gmail.com', 10101, 'Michael', 'Wang', '3423-02-15', '2024-12-04', '16:50:46', 'Debit', 4242342423, 'Michael Wang', '2333-02-04'),
('a@gmail.com', 10102, 'Michael', 'Wang', '3423-02-15', '2024-12-04', '16:50:46', 'Debit', 4242342423, 'Michael Wang', '2333-02-04'),
('a@gmail.com', 10103, 'Michael', 'Wang', '3423-02-15', '2024-12-04', '16:50:46', 'Debit', 4242342423, 'Michael Wang', '2333-02-04'),
('a@gmail.com', 10104, 'Michael', 'Wang', '3423-02-15', '2024-12-04', '16:50:46', 'Debit', 4242342423, 'Michael Wang', '2333-02-04'),
('a@gmail.com', 10105, 'Michael', 'Wang', '3423-02-15', '2024-12-04', '16:50:46', 'Debit', 4242342423, 'Michael Wang', '2333-02-04'),
('a@gmail.com', 10106, 'Michael', 'Wang', '3423-02-15', '2024-12-04', '16:50:46', 'Debit', 4242342423, 'Michael Wang', '2333-02-04'),
('a@gmail.com', 10107, 'Michael', 'Wang', '3423-02-15', '2024-12-04', '16:50:46', 'Debit', 4242342423, 'Michael Wang', '2333-02-04'),
('a@gmail.com', 10108, 'Michael', 'Wang', '3423-02-15', '2024-12-04', '16:50:46', 'Debit', 4242342423, 'Michael Wang', '2333-02-04'),
('a@gmail.com', 10109, 'Michael', 'Wang', '3423-02-15', '2024-12-04', '16:50:46', 'Debit', 4242342423, 'Michael Wang', '2333-02-04'),
('a@gmail.com', 10110, 'Michael', 'Wang', '3423-02-15', '2024-12-04', '16:50:46', 'Debit', 4242342423, 'Michael Wang', '2333-02-04'),
('a@gmail.com', 10111, 'Michael', 'Wang', '3423-02-15', '2024-12-04', '16:50:46', 'Debit', 4242342423, 'Michael Wang', '2333-02-04'),
('a@gmail.com', 10112, 'Michael', 'Wang', '3423-02-15', '2024-12-04', '16:50:46', 'Debit', 4242342423, 'Michael Wang', '2333-02-04'),
('a@gmail.com', 10113, 'Michael', 'Wang', '3423-02-15', '2024-12-04', '16:50:46', 'Debit', 4242342423, 'Michael Wang', '2333-02-04'),
('a@gmail.com', 10114, 'Michael', 'Wang', '3423-02-15', '2024-12-04', '16:50:46', 'Debit', 4242342423, 'Michael Wang', '2333-02-04'),
('a@gmail.com', 10115, 'Michael', 'Wang', '3423-02-15', '2024-12-04', '16:50:46', 'Debit', 4242342423, 'Michael Wang', '2333-02-04'),
('a@gmail.com', 10116, 'Michael', 'Wang', '3423-02-15', '2024-12-04', '16:50:46', 'Debit', 4242342423, 'Michael Wang', '2333-02-04'),
('a@gmail.com', 10117, 'Michael', 'Wang', '3423-02-15', '2024-12-04', '16:50:46', 'Debit', 4242342423, 'Michael Wang', '2333-02-04'),
('a@gmail.com', 10118, 'Michael', 'Wang', '3423-02-15', '2024-12-04', '16:50:46', 'Debit', 4242342423, 'Michael Wang', '2333-02-04'),
('a@gmail.com', 10119, 'Michael', 'Wang', '3423-02-15', '2024-12-04', '16:50:46', 'Debit', 4242342423, 'Michael Wang', '2333-02-04'),
('a@gmail.com', 10120, 'Michael', 'Wang', '3423-02-15', '2024-12-04', '16:50:46', 'Debit', 4242342423, 'Michael Wang', '2333-02-04'),
('a@gmail.com', 10121, 'Michael', 'Wang', '3423-02-15', '2024-12-04', '16:50:46', 'Debit', 4242342423, 'Michael Wang', '2333-02-04'),
('a@gmail.com', 10122, 'Michael', 'Wang', '3423-02-15', '2024-12-04', '16:50:46', 'Debit', 4242342423, 'Michael Wang', '2333-02-04'),
('a@gmail.com', 10123, 'Michael', 'Wang', '3423-02-15', '2024-12-04', '16:50:46', 'Debit', 4242342423, 'Michael Wang', '2333-02-04'),
('a@gmail.com', 10124, 'Michael', 'Wang', '3423-02-15', '2024-12-04', '16:50:46', 'Debit', 4242342423, 'Michael Wang', '2333-02-04'),
('a@gmail.com', 10125, 'Michael', 'Wang', '3423-02-15', '2024-12-04', '16:50:46', 'Debit', 4242342423, 'Michael Wang', '2333-02-04'),
('a@gmail.com', 10126, 'Michael', 'Wang', '3423-02-15', '2024-12-04', '16:50:46', 'Debit', 4242342423, 'Michael Wang', '2333-02-04'),
('a@gmail.com', 10127, 'Michael', 'Wang', '3423-02-15', '2024-12-04', '16:50:46', 'Debit', 4242342423, 'Michael Wang', '2333-02-04'),
('a@gmail.com', 10128, 'Michael', 'Wang', '3423-02-15', '2024-12-04', '16:50:46', 'Debit', 4242342423, 'Michael Wang', '2333-02-04'),
('a@gmail.com', 10129, 'Michael', 'Wang', '3423-02-15', '2024-12-04', '16:50:46', 'Debit', 4242342423, 'Michael Wang', '2333-02-04'),
('a@gmail.com', 10130, 'Michael', 'Wang', '3423-02-15', '2024-12-04', '16:50:46', 'Debit', 4242342423, 'Michael Wang', '2333-02-04'),
('a@gmail.com', 10131, 'Michael', 'Wang', '3423-02-15', '2024-12-04', '16:50:46', 'Debit', 4242342423, 'Michael Wang', '2333-02-04'),
('a@gmail.com', 10132, 'Michael', 'Wang', '3423-02-15', '2024-12-04', '16:50:46', 'Debit', 4242342423, 'Michael Wang', '2333-02-04'),
('a@gmail.com', 10133, 'Michael', 'Wang', '3423-02-15', '2024-12-04', '16:50:46', 'Debit', 4242342423, 'Michael Wang', '2333-02-04'),
('a@gmail.com', 10134, 'Michael', 'Wang', '3423-02-15', '2024-12-04', '16:50:46', 'Debit', 4242342423, 'Michael Wang', '2333-02-04'),
('a@gmail.com', 10135, 'Michael', 'Wang', '3423-02-15', '2024-12-04', '16:50:46', 'Debit', 4242342423, 'Michael Wang', '2333-02-04'),
('a@gmail.com', 10136, 'Michael', 'Wang', '3423-02-15', '2024-12-04', '16:50:46', 'Debit', 4242342423, 'Michael Wang', '2333-02-04'),
('a@gmail.com', 10137, 'Michael', 'Wang', '3423-02-15', '2024-12-04', '16:50:46', 'Debit', 4242342423, 'Michael Wang', '2333-02-04'),
('a@gmail.com', 10138, 'Michael', 'Wang', '3423-02-15', '2024-12-04', '16:50:46', 'Debit', 4242342423, 'Michael Wang', '2333-02-04'),
('a@gmail.com', 10139, 'Michael', 'Wang', '3423-02-15', '2024-12-04', '16:50:46', 'Debit', 4242342423, 'Michael Wang', '2333-02-04'),
('a@gmail.com', 10140, 'Michael', 'Wang', '3423-02-15', '2024-12-04', '16:50:46', 'Debit', 4242342423, 'Michael Wang', '2333-02-04'),
('a@gmail.com', 10141, 'Michael', 'Wang', '3423-02-15', '2024-12-04', '16:50:46', 'Debit', 4242342423, 'Michael Wang', '2333-02-04'),
('a@gmail.com', 10142, 'Michael', 'Wang', '3423-02-15', '2024-12-04', '16:50:46', 'Debit', 4242342423, 'Michael Wang', '2333-02-04'),
('a@gmail.com', 10143, 'Michael', 'Wang', '3423-02-15', '2024-12-04', '16:50:46', 'Debit', 4242342423, 'Michael Wang', '2333-02-04'),
('a@gmail.com', 10144, 'Michael', 'Wang', '3423-02-15', '2024-12-04', '16:50:46', 'Debit', 4242342423, 'Michael Wang', '2333-02-04'),
('a@gmail.com', 10145, 'Michael', 'Wang', '3423-02-15', '2024-12-04', '16:50:46', 'Debit', 4242342423, 'Michael Wang', '2333-02-04'),
('a@gmail.com', 10146, 'Michael', 'Wang', '3423-02-15', '2024-12-04', '16:50:46', 'Debit', 4242342423, 'Michael Wang', '2333-02-04'),
('a@gmail.com', 10147, 'Michael', 'Wang', '3423-02-15', '2024-12-04', '16:50:46', 'Debit', 4242342423, 'Michael Wang', '2333-02-04'),
('a@gmail.com', 10148, 'Michael', 'Wang', '3423-02-15', '2024-12-04', '16:50:46', 'Debit', 4242342423, 'Michael Wang', '2333-02-04'),
('a@gmail.com', 10149, 'Michael', 'Wang', '3423-02-15', '2024-12-04', '16:50:46', 'Debit', 4242342423, 'Michael Wang', '2333-02-04'),
('a@gmail.com', 10150, 'Michael', 'Wang', '3423-02-15', '2024-12-04', '16:50:46', 'Debit', 4242342423, 'Michael Wang', '2333-02-04'),
('a@gmail.com', 10151, 'Michael', 'Wang', '3423-02-15', '2024-12-04', '16:50:46', 'Debit', 4242342423, 'Michael Wang', '2333-02-04'),
('a@gmail.com', 10152, 'Michael', 'Wang', '3423-02-15', '2024-12-04', '16:50:46', 'Debit', 4242342423, 'Michael Wang', '2333-02-04'),
('a@gmail.com', 10153, 'Michael', 'Wang', '3423-02-15', '2024-12-04', '16:50:46', 'Debit', 4242342423, 'Michael Wang', '2333-02-04'),
('a@gmail.com', 10154, 'Michael', 'Wang', '3423-02-15', '2024-12-04', '16:50:46', 'Debit', 4242342423, 'Michael Wang', '2333-02-04'),
('a@gmail.com', 10155, 'Michael', 'Wang', '3423-02-15', '2024-12-04', '16:50:46', 'Debit', 4242342423, 'Michael Wang', '2333-02-04'),
('a@gmail.com', 10156, 'Michael', 'Wang', '3423-02-15', '2024-12-04', '16:50:46', 'Debit', 4242342423, 'Michael Wang', '2333-02-04'),
('a@gmail.com', 10157, 'Michael', 'Wang', '3423-02-15', '2024-12-04', '16:50:46', 'Debit', 4242342423, 'Michael Wang', '2333-02-04'),
('a@gmail.com', 10158, 'Michael', 'Wang', '3423-02-15', '2024-12-04', '16:50:46', 'Debit', 4242342423, 'Michael Wang', '2333-02-04'),
('a@gmail.com', 10159, 'Michael', 'Wang', '3423-02-15', '2024-12-04', '16:50:46', 'Debit', 4242342423, 'Michael Wang', '2333-02-04'),
('a@gmail.com', 10160, 'Michael', 'Wang', '3423-02-15', '2024-12-04', '16:50:46', 'Debit', 4242342423, 'Michael Wang', '2333-02-04'),
('a@gmail.com', 10161, 'Michael', 'Wang', '3423-02-15', '2024-12-04', '16:50:46', 'Debit', 4242342423, 'Michael Wang', '2333-02-04'),
('a@gmail.com', 10162, 'Michael', 'Wang', '2024-12-10', '2024-12-05', '03:34:34', 'Debit', 23456789876545678, 'dfghjk', '2024-12-24'),
('a@gmail.com', 10322, 'Michael', 'Wang', '3423-02-22', '2024-11-05', '14:43:16', 'Debit', 34243243523, 'Michael Wang', '2343-02-12'),
('b@gmail.com', 10163, 'Michael', 'Wang', '1111-11-11', '2024-12-06', '17:24:56', 'Debit', 12312424124, 'Michael Wang', '1111-11-11'),
('b@gmail.com', 10642, 'Michael', 'Wang', '1111-11-11', '2024-12-07', '11:01:34', 'Debit', 12412414, 'MIchea', '1111-11-11'),
('b@gmail.com', 11112, 'Michael', 'Wang', '1222-12-04', '2024-12-07', '11:20:32', 'Debit', 124124124, 'mfisdjfoa', '1111-11-11'),
('bob.johnson@aol.com', 1139, 'Bob', 'Johnson', '1980-05-05', '2024-11-06', '12:34:12', 'Discover', 6011222233334444, 'Bob Johnson', '2032-09-15'),
('bob.johnson@aol.com', 6187, 'Bob', 'Johnson', '1980-05-05', '2024-11-08', '12:45:30', 'American Express', 371449635446631, 'Bob Johnson', '2031-06-30'),
('bob.johnson@aol.com', 8421, 'Donald', 'Johnson', '1987-11-01', '2024-11-07', '16:30:12', 'Visa', 4111111113333333, 'Bob Johnson', '2029-07-11'),
('bob.johnson@aol.com', 8435, 'Vincent', 'Johnson', '2006-08-19', '2024-11-08', '12:46:10', 'American Express', 371449635446631, 'Bob Johnson', '2031-06-30'),
('bob.johnson@aol.com', 10000, 'Bob', 'Johnson', '1980-05-05', '2024-11-06', '12:34:12', 'Discover', 6011222233334444, 'Bob Johnson', '2032-09-15'),
('emma.green@icloud.com', 5037, 'Emma', 'Green', '1995-01-22', '2024-11-09', '08:30:50', 'Discover', 6011000990139424, 'Emma Green', '2030-02-20'),
('emma.green@icloud.com', 9742, 'Lebron', 'Green', '1997-06-05', '2024-11-09', '08:32:15', 'Discover', 6011000990139424, 'Emma Green', '2030-02-20'),
('john.doe@gmail.com', 1276, 'John', 'Doe', '1985-03-15', '2024-11-02', '13:15:22', 'MasterCard', 5123456789012345, 'John Doe', '2026-08-10'),
('john.doe@gmail.com', 5382, 'Anna', 'Doe', '2005-01-01', '2024-11-01', '12:35:40', 'Visa', 4111111111111111, 'John Doe', '2025-05-15'),
('john.doe@gmail.com', 9845, 'John', 'Doe', '1985-03-15', '2024-11-01', '12:34:56', 'Visa', 4111111111111111, 'John Doe', '2025-05-15'),
('kevin.li@protonmail.com', 2389, 'Rammon', 'Li', '2011-09-18', '2024-11-10', '09:16:45', 'Visa', 4111111112223333, 'Kevin Li', '2029-06-30'),
('kevin.li@protonmail.com', 5918, 'Kevin', 'Li', '1993-12-05', '2024-11-10', '09:15:25', 'Visa', 4111111112223333, 'Kevin Li', '2029-06-30'),
('kevin.li@protonmail.com', 9042, 'Kevin', 'Li', '1993-12-05', '2024-11-10', '10:05:22', 'MasterCard', 5123456789012345, 'Kevin Li', '2032-04-25');

-- --------------------------------------------------------

--
-- Table structure for table `rate`
--

CREATE TABLE `rate` (
  `email_address` varchar(50) NOT NULL,
  `airline_name` varchar(50) NOT NULL,
  `flight_number` varchar(50) NOT NULL,
  `departure_time` time NOT NULL,
  `departure_date` date NOT NULL,
  `comments` varchar(100) NOT NULL,
  `rating` int NOT NULL
) ENGINE=InnoDB DEFAULT CHARSET=utf8mb4 COLLATE=utf8mb4_0900_ai_ci;

--
-- Dumping data for table `rate`
--

INSERT INTO `rate` (`email_address`, `airline_name`, `flight_number`, `departure_time`, `departure_date`, `comments`, `rating`) VALUES
('a@gmail.com', 'Alaska Airlines', 'AS7324A', '10:30:00', '2024-11-10', 'good flight', 5);

-- --------------------------------------------------------

--
-- Table structure for table `ticket`
--

CREATE TABLE `ticket` (
  `ID` int NOT NULL,
  `ticket_price` float NOT NULL,
  `airline_name` varchar(50) DEFAULT NULL,
  `flight_number` varchar(50) DEFAULT NULL,
  `departure_time` time DEFAULT NULL,
  `departure_date` date DEFAULT NULL
) ENGINE=InnoDB DEFAULT CHARSET=utf8mb4 COLLATE=utf8mb4_0900_ai_ci;

--
-- Dumping data for table `ticket`
--

INSERT INTO `ticket` (`ID`, `ticket_price`, `airline_name`, `flight_number`, `departure_time`, `departure_date`) VALUES
(1139, 290.21, 'American Airlines', 'AA9841A', '06:30:00', '2024-11-10'),
(1276, 324.54, 'Delta Air Lines', 'DL3892B', '15:00:00', '2024-11-10'),
(2389, 270.15, 'Alaska Airlines', 'AS7324A', '10:30:00', '2024-11-10'),
(5037, 180.16, 'Southwest Airlines', 'SW2394C', '12:00:00', '2024-11-11'),
(5382, 251.46, 'Delta Air Lines', 'DL4521A', '08:00:00', '2024-11-10'),
(5918, 270.15, 'Alaska Airlines', 'AS7324A', '10:30:00', '2024-11-10'),
(6187, 310.52, 'United Airlines', 'UA5132A', '09:00:00', '2024-11-10'),
(8421, 310.65, 'American Airlines', 'AA7123B', '16:00:00', '2024-11-10'),
(8435, 280.12, 'United Airlines', 'UA6829B', '13:30:00', '2024-11-10'),
(9042, 230.64, 'JetBlue Airways', 'JB6078C', '10:30:00', '2024-11-11'),
(9742, 210.74, 'Southwest Airlines', 'SW7418D', '08:30:00', '2024-11-12'),
(9845, 251.46, 'Delta Air Lines', 'DL4521A', '08:00:00', '2024-11-10'),
(10000, 251.46, 'Delta Air Lines', 'DL4521A', '08:00:00', '2024-12-10'),
(10001, 270.15, 'Alaska Airlines', 'AS7324A', '10:30:00', '2024-11-10'),
(10002, 250, 'Alaska Airlines', 'AS7324D', '12:30:00', '2024-12-24'),
(10003, 200, 'Alaska Airlines', 'AS7324D', '12:30:00', '2024-12-24'),
(10004, 200, 'Alaska Airlines', 'AS7324D', '12:30:00', '2024-12-24'),
(10005, 200, 'Alaska Airlines', 'AS7324D', '12:30:00', '2024-12-24'),
(10006, 200, 'Alaska Airlines', 'AS7324D', '12:30:00', '2024-12-24'),
(10007, 200, 'Alaska Airlines', 'AS7324D', '12:30:00', '2024-12-24'),
(10008, 200, 'Alaska Airlines', 'AS7324D', '12:30:00', '2024-12-24'),
(10009, 200, 'Alaska Airlines', 'AS7324D', '12:30:00', '2024-12-24'),
(10010, 200, 'Alaska Airlines', 'AS7324D', '12:30:00', '2024-12-24'),
(10011, 200, 'Alaska Airlines', 'AS7324D', '12:30:00', '2024-12-24'),
(10012, 200, 'Alaska Airlines', 'AS7324D', '12:30:00', '2024-12-24'),
(10013, 200, 'Alaska Airlines', 'AS7324D', '12:30:00', '2024-12-24'),
(10014, 200, 'Alaska Airlines', 'AS7324D', '12:30:00', '2024-12-24'),
(10015, 200, 'Alaska Airlines', 'AS7324D', '12:30:00', '2024-12-24'),
(10016, 200, 'Alaska Airlines', 'AS7324D', '12:30:00', '2024-12-24'),
(10017, 200, 'Alaska Airlines', 'AS7324D', '12:30:00', '2024-12-24'),
(10018, 200, 'Alaska Airlines', 'AS7324D', '12:30:00', '2024-12-24'),
(10019, 200, 'Alaska Airlines', 'AS7324D', '12:30:00', '2024-12-24'),
(10020, 200, 'Alaska Airlines', 'AS7324D', '12:30:00', '2024-12-24'),
(10021, 200, 'Alaska Airlines', 'AS7324D', '12:30:00', '2024-12-24'),
(10022, 200, 'Alaska Airlines', 'AS7324D', '12:30:00', '2024-12-24'),
(10023, 200, 'Alaska Airlines', 'AS7324D', '12:30:00', '2024-12-24'),
(10024, 200, 'Alaska Airlines', 'AS7324D', '12:30:00', '2024-12-24'),
(10025, 200, 'Alaska Airlines', 'AS7324D', '12:30:00', '2024-12-24'),
(10026, 200, 'Alaska Airlines', 'AS7324D', '12:30:00', '2024-12-24'),
(10027, 200, 'Alaska Airlines', 'AS7324D', '12:30:00', '2024-12-24'),
(10028, 200, 'Alaska Airlines', 'AS7324D', '12:30:00', '2024-12-24'),
(10029, 200, 'Alaska Airlines', 'AS7324D', '12:30:00', '2024-12-24'),
(10030, 200, 'Alaska Airlines', 'AS7324D', '12:30:00', '2024-12-24'),
(10031, 200, 'Alaska Airlines', 'AS7324D', '12:30:00', '2024-12-24'),
(10032, 200, 'Alaska Airlines', 'AS7324D', '12:30:00', '2024-12-24'),
(10033, 200, 'Alaska Airlines', 'AS7324D', '12:30:00', '2024-12-24'),
(10034, 200, 'Alaska Airlines', 'AS7324D', '12:30:00', '2024-12-24'),
(10035, 200, 'Alaska Airlines', 'AS7324D', '12:30:00', '2024-12-24'),
(10036, 200, 'Alaska Airlines', 'AS7324D', '12:30:00', '2024-12-24'),
(10037, 200, 'Alaska Airlines', 'AS7324D', '12:30:00', '2024-12-24'),
(10038, 200, 'Alaska Airlines', 'AS7324D', '12:30:00', '2024-12-24'),
(10039, 200, 'Alaska Airlines', 'AS7324D', '12:30:00', '2024-12-24'),
(10040, 200, 'Alaska Airlines', 'AS7324D', '12:30:00', '2024-12-24'),
(10041, 200, 'Alaska Airlines', 'AS7324D', '12:30:00', '2024-12-24'),
(10042, 200, 'Alaska Airlines', 'AS7324D', '12:30:00', '2024-12-24'),
(10043, 200, 'Alaska Airlines', 'AS7324D', '12:30:00', '2024-12-24'),
(10044, 200, 'Alaska Airlines', 'AS7324D', '12:30:00', '2024-12-24'),
(10045, 200, 'Alaska Airlines', 'AS7324D', '12:30:00', '2024-12-24'),
(10046, 200, 'Alaska Airlines', 'AS7324D', '12:30:00', '2024-12-24'),
(10047, 200, 'Alaska Airlines', 'AS7324D', '12:30:00', '2024-12-24'),
(10048, 200, 'Alaska Airlines', 'AS7324D', '12:30:00', '2024-12-24'),
(10049, 200, 'Alaska Airlines', 'AS7324D', '12:30:00', '2024-12-24'),
(10050, 200, 'Alaska Airlines', 'AS7324D', '12:30:00', '2024-12-24'),
(10051, 200, 'Alaska Airlines', 'AS7324D', '12:30:00', '2024-12-24'),
(10052, 200, 'Alaska Airlines', 'AS7324D', '12:30:00', '2024-12-24'),
(10053, 200, 'Alaska Airlines', 'AS7324D', '12:30:00', '2024-12-24'),
(10054, 200, 'Alaska Airlines', 'AS7324D', '12:30:00', '2024-12-24'),
(10055, 200, 'Alaska Airlines', 'AS7324D', '12:30:00', '2024-12-24'),
(10056, 200, 'Alaska Airlines', 'AS7324D', '12:30:00', '2024-12-24'),
(10057, 200, 'Alaska Airlines', 'AS7324D', '12:30:00', '2024-12-24'),
(10058, 200, 'Alaska Airlines', 'AS7324D', '12:30:00', '2024-12-24'),
(10059, 200, 'Alaska Airlines', 'AS7324D', '12:30:00', '2024-12-24'),
(10060, 200, 'Alaska Airlines', 'AS7324D', '12:30:00', '2024-12-24'),
(10061, 200, 'Alaska Airlines', 'AS7324D', '12:30:00', '2024-12-24'),
(10062, 200, 'Alaska Airlines', 'AS7324D', '12:30:00', '2024-12-24'),
(10063, 200, 'Alaska Airlines', 'AS7324D', '12:30:00', '2024-12-24'),
(10064, 200, 'Alaska Airlines', 'AS7324D', '12:30:00', '2024-12-24'),
(10065, 200, 'Alaska Airlines', 'AS7324D', '12:30:00', '2024-12-24'),
(10066, 200, 'Alaska Airlines', 'AS7324D', '12:30:00', '2024-12-24'),
(10067, 200, 'Alaska Airlines', 'AS7324D', '12:30:00', '2024-12-24'),
(10068, 200, 'Alaska Airlines', 'AS7324D', '12:30:00', '2024-12-24'),
(10069, 200, 'Alaska Airlines', 'AS7324D', '12:30:00', '2024-12-24'),
(10070, 200, 'Alaska Airlines', 'AS7324D', '12:30:00', '2024-12-24'),
(10071, 200, 'Alaska Airlines', 'AS7324D', '12:30:00', '2024-12-24'),
(10072, 200, 'Alaska Airlines', 'AS7324D', '12:30:00', '2024-12-24'),
(10073, 200, 'Alaska Airlines', 'AS7324D', '12:30:00', '2024-12-24'),
(10074, 200, 'Alaska Airlines', 'AS7324D', '12:30:00', '2024-12-24'),
(10075, 200, 'Alaska Airlines', 'AS7324D', '12:30:00', '2024-12-24'),
(10076, 200, 'Alaska Airlines', 'AS7324D', '12:30:00', '2024-12-24'),
(10077, 200, 'Alaska Airlines', 'AS7324D', '12:30:00', '2024-12-24'),
(10078, 200, 'Alaska Airlines', 'AS7324D', '12:30:00', '2024-12-24'),
(10079, 200, 'Alaska Airlines', 'AS7324D', '12:30:00', '2024-12-24'),
(10080, 200, 'Alaska Airlines', 'AS7324D', '12:30:00', '2024-12-24'),
(10081, 200, 'Alaska Airlines', 'AS7324D', '12:30:00', '2024-12-24'),
(10082, 200, 'Alaska Airlines', 'AS7324D', '12:30:00', '2024-12-24'),
(10083, 200, 'Alaska Airlines', 'AS7324D', '12:30:00', '2024-12-24'),
(10084, 200, 'Alaska Airlines', 'AS7324D', '12:30:00', '2024-12-24'),
(10085, 200, 'Alaska Airlines', 'AS7324D', '12:30:00', '2024-12-24'),
(10086, 200, 'Alaska Airlines', 'AS7324D', '12:30:00', '2024-12-24'),
(10087, 200, 'Alaska Airlines', 'AS7324D', '12:30:00', '2024-12-24'),
(10088, 200, 'Alaska Airlines', 'AS7324D', '12:30:00', '2024-12-24'),
(10089, 200, 'Alaska Airlines', 'AS7324D', '12:30:00', '2024-12-24'),
(10090, 200, 'Alaska Airlines', 'AS7324D', '12:30:00', '2024-12-24'),
(10091, 200, 'Alaska Airlines', 'AS7324D', '12:30:00', '2024-12-24'),
(10092, 200, 'Alaska Airlines', 'AS7324D', '12:30:00', '2024-12-24'),
(10093, 200, 'Alaska Airlines', 'AS7324D', '12:30:00', '2024-12-24'),
(10094, 200, 'Alaska Airlines', 'AS7324D', '12:30:00', '2024-12-24'),
(10095, 200, 'Alaska Airlines', 'AS7324D', '12:30:00', '2024-12-24'),
(10096, 200, 'Alaska Airlines', 'AS7324D', '12:30:00', '2024-12-24'),
(10097, 200, 'Alaska Airlines', 'AS7324D', '12:30:00', '2024-12-24'),
(10098, 200, 'Alaska Airlines', 'AS7324D', '12:30:00', '2024-12-24'),
(10099, 200, 'Alaska Airlines', 'AS7324D', '12:30:00', '2024-12-24'),
(10100, 200, 'Alaska Airlines', 'AS7324D', '12:30:00', '2024-12-24'),
(10101, 200, 'Alaska Airlines', 'AS7324D', '12:30:00', '2024-12-24'),
(10102, 200, 'Alaska Airlines', 'AS7324D', '12:30:00', '2024-12-24'),
(10103, 200, 'Alaska Airlines', 'AS7324D', '12:30:00', '2024-12-24'),
(10104, 200, 'Alaska Airlines', 'AS7324D', '12:30:00', '2024-12-24'),
(10105, 200, 'Alaska Airlines', 'AS7324D', '12:30:00', '2024-12-24'),
(10106, 200, 'Alaska Airlines', 'AS7324D', '12:30:00', '2024-12-24'),
(10107, 200, 'Alaska Airlines', 'AS7324D', '12:30:00', '2024-12-24'),
(10108, 200, 'Alaska Airlines', 'AS7324D', '12:30:00', '2024-12-24'),
(10109, 200, 'Alaska Airlines', 'AS7324D', '12:30:00', '2024-12-24'),
(10110, 200, 'Alaska Airlines', 'AS7324D', '12:30:00', '2024-12-24'),
(10111, 200, 'Alaska Airlines', 'AS7324D', '12:30:00', '2024-12-24'),
(10112, 200, 'Alaska Airlines', 'AS7324D', '12:30:00', '2024-12-24'),
(10113, 200, 'Alaska Airlines', 'AS7324D', '12:30:00', '2024-12-24'),
(10114, 200, 'Alaska Airlines', 'AS7324D', '12:30:00', '2024-12-24'),
(10115, 200, 'Alaska Airlines', 'AS7324D', '12:30:00', '2024-12-24'),
(10116, 200, 'Alaska Airlines', 'AS7324D', '12:30:00', '2024-12-24'),
(10117, 200, 'Alaska Airlines', 'AS7324D', '12:30:00', '2024-12-24'),
(10118, 200, 'Alaska Airlines', 'AS7324D', '12:30:00', '2024-12-24'),
(10119, 200, 'Alaska Airlines', 'AS7324D', '12:30:00', '2024-12-24'),
(10120, 200, 'Alaska Airlines', 'AS7324D', '12:30:00', '2024-12-24'),
(10121, 200, 'Alaska Airlines', 'AS7324D', '12:30:00', '2024-12-24'),
(10122, 200, 'Alaska Airlines', 'AS7324D', '12:30:00', '2024-12-24'),
(10123, 200, 'Alaska Airlines', 'AS7324D', '12:30:00', '2024-12-24'),
(10124, 200, 'Alaska Airlines', 'AS7324D', '12:30:00', '2024-12-24'),
(10125, 200, 'Alaska Airlines', 'AS7324D', '12:30:00', '2024-12-24'),
(10126, 200, 'Alaska Airlines', 'AS7324D', '12:30:00', '2024-12-24'),
(10127, 200, 'Alaska Airlines', 'AS7324D', '12:30:00', '2024-12-24'),
(10128, 200, 'Alaska Airlines', 'AS7324D', '12:30:00', '2024-12-24'),
(10129, 200, 'Alaska Airlines', 'AS7324D', '12:30:00', '2024-12-24'),
(10130, 200, 'Alaska Airlines', 'AS7324D', '12:30:00', '2024-12-24'),
(10131, 200, 'Alaska Airlines', 'AS7324D', '12:30:00', '2024-12-24'),
(10132, 200, 'Alaska Airlines', 'AS7324D', '12:30:00', '2024-12-24'),
(10133, 200, 'Alaska Airlines', 'AS7324D', '12:30:00', '2024-12-24'),
(10134, 200, 'Alaska Airlines', 'AS7324D', '12:30:00', '2024-12-24'),
(10135, 200, 'Alaska Airlines', 'AS7324D', '12:30:00', '2024-12-24'),
(10136, 200, 'Alaska Airlines', 'AS7324D', '12:30:00', '2024-12-24'),
(10137, 200, 'Alaska Airlines', 'AS7324D', '12:30:00', '2024-12-24'),
(10138, 200, 'Alaska Airlines', 'AS7324D', '12:30:00', '2024-12-24'),
(10139, 200, 'Alaska Airlines', 'AS7324D', '12:30:00', '2024-12-24'),
(10140, 200, 'Alaska Airlines', 'AS7324D', '12:30:00', '2024-12-24'),
(10141, 200, 'Alaska Airlines', 'AS7324D', '12:30:00', '2024-12-24'),
(10142, 200, 'Alaska Airlines', 'AS7324D', '12:30:00', '2024-12-24'),
(10143, 200, 'Alaska Airlines', 'AS7324D', '12:30:00', '2024-12-24'),
(10144, 200, 'Alaska Airlines', 'AS7324D', '12:30:00', '2024-12-24'),
(10145, 200, 'Alaska Airlines', 'AS7324D', '12:30:00', '2024-12-24'),
(10146, 200, 'Alaska Airlines', 'AS7324D', '12:30:00', '2024-12-24'),
(10147, 200, 'Alaska Airlines', 'AS7324D', '12:30:00', '2024-12-24'),
(10148, 200, 'Alaska Airlines', 'AS7324D', '12:30:00', '2024-12-24'),
(10149, 200, 'Alaska Airlines', 'AS7324D', '12:30:00', '2024-12-24'),
(10150, 200, 'Alaska Airlines', 'AS7324D', '12:30:00', '2024-12-24'),
(10151, 200, 'Alaska Airlines', 'AS7324D', '12:30:00', '2024-12-24'),
(10152, 200, 'Alaska Airlines', 'AS7324D', '12:30:00', '2024-12-24'),
(10153, 200, 'Alaska Airlines', 'AS7324D', '12:30:00', '2024-12-24'),
(10154, 200, 'Alaska Airlines', 'AS7324D', '12:30:00', '2024-12-24'),
(10155, 200, 'Alaska Airlines', 'AS7324D', '12:30:00', '2024-12-24'),
(10156, 200, 'Alaska Airlines', 'AS7324D', '12:30:00', '2024-12-24'),
(10157, 200, 'Alaska Airlines', 'AS7324D', '12:30:00', '2024-12-24'),
(10158, 200, 'Alaska Airlines', 'AS7324D', '12:30:00', '2024-12-24'),
(10159, 200, 'Alaska Airlines', 'AS7324D', '12:30:00', '2024-12-24'),
(10160, 200, 'Alaska Airlines', 'AS7324D', '12:30:00', '2024-12-24'),
(10161, 200, 'Alaska Airlines', 'AS7324D', '12:30:00', '2024-12-24'),
(10162, 100, 'Alaska Airlines', 'AS7324E', '22:00:00', '2024-12-25'),
(10163, 100, 'Alaska Airlines', 'AS7324E', '22:00:00', '2024-12-25'),
(10164, 100, 'Alaska Airlines', 'AS7324E', '22:00:00', '2024-12-25'),
(10165, 100, 'Alaska Airlines', 'AS7324E', '22:00:00', '2024-12-25'),
(10166, 100, 'Alaska Airlines', 'AS7324E', '22:00:00', '2024-12-25'),
(10167, 100, 'Alaska Airlines', 'AS7324E', '22:00:00', '2024-12-25'),
(10168, 100, 'Alaska Airlines', 'AS7324E', '22:00:00', '2024-12-25'),
(10169, 100, 'Alaska Airlines', 'AS7324E', '22:00:00', '2024-12-25'),
(10170, 100, 'Alaska Airlines', 'AS7324E', '22:00:00', '2024-12-25'),
(10171, 100, 'Alaska Airlines', 'AS7324E', '22:00:00', '2024-12-25'),
(10172, 100, 'Alaska Airlines', 'AS7324E', '22:00:00', '2024-12-25'),
(10173, 100, 'Alaska Airlines', 'AS7324E', '22:00:00', '2024-12-25'),
(10174, 100, 'Alaska Airlines', 'AS7324E', '22:00:00', '2024-12-25'),
(10175, 100, 'Alaska Airlines', 'AS7324E', '22:00:00', '2024-12-25'),
(10176, 100, 'Alaska Airlines', 'AS7324E', '22:00:00', '2024-12-25'),
(10177, 100, 'Alaska Airlines', 'AS7324E', '22:00:00', '2024-12-25'),
(10178, 100, 'Alaska Airlines', 'AS7324E', '22:00:00', '2024-12-25'),
(10179, 100, 'Alaska Airlines', 'AS7324E', '22:00:00', '2024-12-25'),
(10180, 100, 'Alaska Airlines', 'AS7324E', '22:00:00', '2024-12-25'),
(10181, 100, 'Alaska Airlines', 'AS7324E', '22:00:00', '2024-12-25'),
(10182, 100, 'Alaska Airlines', 'AS7324E', '22:00:00', '2024-12-25'),
(10183, 100, 'Alaska Airlines', 'AS7324E', '22:00:00', '2024-12-25'),
(10184, 100, 'Alaska Airlines', 'AS7324E', '22:00:00', '2024-12-25'),
(10185, 100, 'Alaska Airlines', 'AS7324E', '22:00:00', '2024-12-25'),
(10186, 100, 'Alaska Airlines', 'AS7324E', '22:00:00', '2024-12-25'),
(10187, 100, 'Alaska Airlines', 'AS7324E', '22:00:00', '2024-12-25'),
(10188, 100, 'Alaska Airlines', 'AS7324E', '22:00:00', '2024-12-25'),
(10189, 100, 'Alaska Airlines', 'AS7324E', '22:00:00', '2024-12-25'),
(10190, 100, 'Alaska Airlines', 'AS7324E', '22:00:00', '2024-12-25'),
(10191, 100, 'Alaska Airlines', 'AS7324E', '22:00:00', '2024-12-25'),
(10192, 100, 'Alaska Airlines', 'AS7324E', '22:00:00', '2024-12-25'),
(10193, 100, 'Alaska Airlines', 'AS7324E', '22:00:00', '2024-12-25'),
(10194, 100, 'Alaska Airlines', 'AS7324E', '22:00:00', '2024-12-25'),
(10195, 100, 'Alaska Airlines', 'AS7324E', '22:00:00', '2024-12-25'),
(10196, 100, 'Alaska Airlines', 'AS7324E', '22:00:00', '2024-12-25'),
(10197, 100, 'Alaska Airlines', 'AS7324E', '22:00:00', '2024-12-25'),
(10198, 100, 'Alaska Airlines', 'AS7324E', '22:00:00', '2024-12-25'),
(10199, 100, 'Alaska Airlines', 'AS7324E', '22:00:00', '2024-12-25'),
(10200, 100, 'Alaska Airlines', 'AS7324E', '22:00:00', '2024-12-25'),
(10201, 100, 'Alaska Airlines', 'AS7324E', '22:00:00', '2024-12-25'),
(10202, 100, 'Alaska Airlines', 'AS7324E', '22:00:00', '2024-12-25'),
(10203, 100, 'Alaska Airlines', 'AS7324E', '22:00:00', '2024-12-25'),
(10204, 100, 'Alaska Airlines', 'AS7324E', '22:00:00', '2024-12-25'),
(10205, 100, 'Alaska Airlines', 'AS7324E', '22:00:00', '2024-12-25'),
(10206, 100, 'Alaska Airlines', 'AS7324E', '22:00:00', '2024-12-25'),
(10207, 100, 'Alaska Airlines', 'AS7324E', '22:00:00', '2024-12-25'),
(10208, 100, 'Alaska Airlines', 'AS7324E', '22:00:00', '2024-12-25'),
(10209, 100, 'Alaska Airlines', 'AS7324E', '22:00:00', '2024-12-25'),
(10210, 100, 'Alaska Airlines', 'AS7324E', '22:00:00', '2024-12-25'),
(10211, 100, 'Alaska Airlines', 'AS7324E', '22:00:00', '2024-12-25'),
(10212, 100, 'Alaska Airlines', 'AS7324E', '22:00:00', '2024-12-25'),
(10213, 100, 'Alaska Airlines', 'AS7324E', '22:00:00', '2024-12-25'),
(10214, 100, 'Alaska Airlines', 'AS7324E', '22:00:00', '2024-12-25'),
(10215, 100, 'Alaska Airlines', 'AS7324E', '22:00:00', '2024-12-25'),
(10216, 100, 'Alaska Airlines', 'AS7324E', '22:00:00', '2024-12-25'),
(10217, 100, 'Alaska Airlines', 'AS7324E', '22:00:00', '2024-12-25'),
(10218, 100, 'Alaska Airlines', 'AS7324E', '22:00:00', '2024-12-25'),
(10219, 100, 'Alaska Airlines', 'AS7324E', '22:00:00', '2024-12-25'),
(10220, 100, 'Alaska Airlines', 'AS7324E', '22:00:00', '2024-12-25'),
(10221, 100, 'Alaska Airlines', 'AS7324E', '22:00:00', '2024-12-25'),
(10222, 100, 'Alaska Airlines', 'AS7324E', '22:00:00', '2024-12-25'),
(10223, 100, 'Alaska Airlines', 'AS7324E', '22:00:00', '2024-12-25'),
(10224, 100, 'Alaska Airlines', 'AS7324E', '22:00:00', '2024-12-25'),
(10225, 100, 'Alaska Airlines', 'AS7324E', '22:00:00', '2024-12-25'),
(10226, 100, 'Alaska Airlines', 'AS7324E', '22:00:00', '2024-12-25'),
(10227, 100, 'Alaska Airlines', 'AS7324E', '22:00:00', '2024-12-25'),
(10228, 100, 'Alaska Airlines', 'AS7324E', '22:00:00', '2024-12-25'),
(10229, 100, 'Alaska Airlines', 'AS7324E', '22:00:00', '2024-12-25'),
(10230, 100, 'Alaska Airlines', 'AS7324E', '22:00:00', '2024-12-25'),
(10231, 100, 'Alaska Airlines', 'AS7324E', '22:00:00', '2024-12-25'),
(10232, 100, 'Alaska Airlines', 'AS7324E', '22:00:00', '2024-12-25'),
(10233, 100, 'Alaska Airlines', 'AS7324E', '22:00:00', '2024-12-25'),
(10234, 100, 'Alaska Airlines', 'AS7324E', '22:00:00', '2024-12-25'),
(10235, 100, 'Alaska Airlines', 'AS7324E', '22:00:00', '2024-12-25'),
(10236, 100, 'Alaska Airlines', 'AS7324E', '22:00:00', '2024-12-25'),
(10237, 100, 'Alaska Airlines', 'AS7324E', '22:00:00', '2024-12-25'),
(10238, 100, 'Alaska Airlines', 'AS7324E', '22:00:00', '2024-12-25'),
(10239, 100, 'Alaska Airlines', 'AS7324E', '22:00:00', '2024-12-25'),
(10240, 100, 'Alaska Airlines', 'AS7324E', '22:00:00', '2024-12-25'),
(10241, 100, 'Alaska Airlines', 'AS7324E', '22:00:00', '2024-12-25'),
(10242, 100, 'Alaska Airlines', 'AS7324E', '22:00:00', '2024-12-25'),
(10243, 100, 'Alaska Airlines', 'AS7324E', '22:00:00', '2024-12-25'),
(10244, 100, 'Alaska Airlines', 'AS7324E', '22:00:00', '2024-12-25'),
(10245, 100, 'Alaska Airlines', 'AS7324E', '22:00:00', '2024-12-25'),
(10246, 100, 'Alaska Airlines', 'AS7324E', '22:00:00', '2024-12-25'),
(10247, 100, 'Alaska Airlines', 'AS7324E', '22:00:00', '2024-12-25'),
(10248, 100, 'Alaska Airlines', 'AS7324E', '22:00:00', '2024-12-25'),
(10249, 100, 'Alaska Airlines', 'AS7324E', '22:00:00', '2024-12-25'),
(10250, 100, 'Alaska Airlines', 'AS7324E', '22:00:00', '2024-12-25'),
(10251, 100, 'Alaska Airlines', 'AS7324E', '22:00:00', '2024-12-25'),
(10252, 100, 'Alaska Airlines', 'AS7324E', '22:00:00', '2024-12-25'),
(10253, 100, 'Alaska Airlines', 'AS7324E', '22:00:00', '2024-12-25'),
(10254, 100, 'Alaska Airlines', 'AS7324E', '22:00:00', '2024-12-25'),
(10255, 100, 'Alaska Airlines', 'AS7324E', '22:00:00', '2024-12-25'),
(10256, 100, 'Alaska Airlines', 'AS7324E', '22:00:00', '2024-12-25'),
(10257, 100, 'Alaska Airlines', 'AS7324E', '22:00:00', '2024-12-25'),
(10258, 100, 'Alaska Airlines', 'AS7324E', '22:00:00', '2024-12-25'),
(10259, 100, 'Alaska Airlines', 'AS7324E', '22:00:00', '2024-12-25'),
(10260, 100, 'Alaska Airlines', 'AS7324E', '22:00:00', '2024-12-25'),
(10261, 100, 'Alaska Airlines', 'AS7324E', '22:00:00', '2024-12-25'),
(10262, 100, 'Alaska Airlines', 'AS7324E', '22:00:00', '2024-12-25'),
(10263, 100, 'Alaska Airlines', 'AS7324E', '22:00:00', '2024-12-25'),
(10264, 100, 'Alaska Airlines', 'AS7324E', '22:00:00', '2024-12-25'),
(10265, 100, 'Alaska Airlines', 'AS7324E', '22:00:00', '2024-12-25'),
(10266, 100, 'Alaska Airlines', 'AS7324E', '22:00:00', '2024-12-25'),
(10267, 100, 'Alaska Airlines', 'AS7324E', '22:00:00', '2024-12-25'),
(10268, 100, 'Alaska Airlines', 'AS7324E', '22:00:00', '2024-12-25'),
(10269, 100, 'Alaska Airlines', 'AS7324E', '22:00:00', '2024-12-25'),
(10270, 100, 'Alaska Airlines', 'AS7324E', '22:00:00', '2024-12-25'),
(10271, 100, 'Alaska Airlines', 'AS7324E', '22:00:00', '2024-12-25'),
(10272, 100, 'Alaska Airlines', 'AS7324E', '22:00:00', '2024-12-25'),
(10273, 100, 'Alaska Airlines', 'AS7324E', '22:00:00', '2024-12-25'),
(10274, 100, 'Alaska Airlines', 'AS7324E', '22:00:00', '2024-12-25'),
(10275, 100, 'Alaska Airlines', 'AS7324E', '22:00:00', '2024-12-25'),
(10276, 100, 'Alaska Airlines', 'AS7324E', '22:00:00', '2024-12-25'),
(10277, 100, 'Alaska Airlines', 'AS7324E', '22:00:00', '2024-12-25'),
(10278, 100, 'Alaska Airlines', 'AS7324E', '22:00:00', '2024-12-25'),
(10279, 100, 'Alaska Airlines', 'AS7324E', '22:00:00', '2024-12-25'),
(10280, 100, 'Alaska Airlines', 'AS7324E', '22:00:00', '2024-12-25'),
(10281, 100, 'Alaska Airlines', 'AS7324E', '22:00:00', '2024-12-25'),
(10282, 100, 'Alaska Airlines', 'AS7324E', '22:00:00', '2024-12-25'),
(10283, 100, 'Alaska Airlines', 'AS7324E', '22:00:00', '2024-12-25'),
(10284, 100, 'Alaska Airlines', 'AS7324E', '22:00:00', '2024-12-25'),
(10285, 100, 'Alaska Airlines', 'AS7324E', '22:00:00', '2024-12-25'),
(10286, 100, 'Alaska Airlines', 'AS7324E', '22:00:00', '2024-12-25'),
(10287, 100, 'Alaska Airlines', 'AS7324E', '22:00:00', '2024-12-25'),
(10288, 100, 'Alaska Airlines', 'AS7324E', '22:00:00', '2024-12-25'),
(10289, 100, 'Alaska Airlines', 'AS7324E', '22:00:00', '2024-12-25'),
(10290, 100, 'Alaska Airlines', 'AS7324E', '22:00:00', '2024-12-25'),
(10291, 100, 'Alaska Airlines', 'AS7324E', '22:00:00', '2024-12-25'),
(10292, 100, 'Alaska Airlines', 'AS7324E', '22:00:00', '2024-12-25'),
(10293, 100, 'Alaska Airlines', 'AS7324E', '22:00:00', '2024-12-25'),
(10294, 100, 'Alaska Airlines', 'AS7324E', '22:00:00', '2024-12-25'),
(10295, 100, 'Alaska Airlines', 'AS7324E', '22:00:00', '2024-12-25'),
(10296, 100, 'Alaska Airlines', 'AS7324E', '22:00:00', '2024-12-25'),
(10297, 100, 'Alaska Airlines', 'AS7324E', '22:00:00', '2024-12-25'),
(10298, 100, 'Alaska Airlines', 'AS7324E', '22:00:00', '2024-12-25'),
(10299, 100, 'Alaska Airlines', 'AS7324E', '22:00:00', '2024-12-25'),
(10300, 100, 'Alaska Airlines', 'AS7324E', '22:00:00', '2024-12-25'),
(10301, 100, 'Alaska Airlines', 'AS7324E', '22:00:00', '2024-12-25'),
(10302, 100, 'Alaska Airlines', 'AS7324E', '22:00:00', '2024-12-25'),
(10303, 100, 'Alaska Airlines', 'AS7324E', '22:00:00', '2024-12-25'),
(10304, 100, 'Alaska Airlines', 'AS7324E', '22:00:00', '2024-12-25'),
(10305, 100, 'Alaska Airlines', 'AS7324E', '22:00:00', '2024-12-25'),
(10306, 100, 'Alaska Airlines', 'AS7324E', '22:00:00', '2024-12-25'),
(10307, 100, 'Alaska Airlines', 'AS7324E', '22:00:00', '2024-12-25'),
(10308, 100, 'Alaska Airlines', 'AS7324E', '22:00:00', '2024-12-25'),
(10309, 100, 'Alaska Airlines', 'AS7324E', '22:00:00', '2024-12-25'),
(10310, 100, 'Alaska Airlines', 'AS7324E', '22:00:00', '2024-12-25'),
(10311, 100, 'Alaska Airlines', 'AS7324E', '22:00:00', '2024-12-25'),
(10312, 100, 'Alaska Airlines', 'AS7324E', '22:00:00', '2024-12-25'),
(10313, 100, 'Alaska Airlines', 'AS7324E', '22:00:00', '2024-12-25'),
(10314, 100, 'Alaska Airlines', 'AS7324E', '22:00:00', '2024-12-25'),
(10315, 100, 'Alaska Airlines', 'AS7324E', '22:00:00', '2024-12-25'),
(10316, 100, 'Alaska Airlines', 'AS7324E', '22:00:00', '2024-12-25'),
(10317, 100, 'Alaska Airlines', 'AS7324E', '22:00:00', '2024-12-25'),
(10318, 100, 'Alaska Airlines', 'AS7324E', '22:00:00', '2024-12-25'),
(10319, 100, 'Alaska Airlines', 'AS7324E', '22:00:00', '2024-12-25'),
(10320, 100, 'Alaska Airlines', 'AS7324E', '22:00:00', '2024-12-25'),
(10321, 100, 'Alaska Airlines', 'AS7324E', '22:00:00', '2024-12-25'),
(10322, 149.95, 'Alaska Airlines', 'AS7324F', '15:03:00', '2025-01-07'),
(10323, 149.95, 'Alaska Airlines', 'AS7324F', '15:03:00', '2025-01-07'),
(10324, 149.95, 'Alaska Airlines', 'AS7324F', '15:03:00', '2025-01-07'),
(10325, 149.95, 'Alaska Airlines', 'AS7324F', '15:03:00', '2025-01-07'),
(10326, 149.95, 'Alaska Airlines', 'AS7324F', '15:03:00', '2025-01-07'),
(10327, 149.95, 'Alaska Airlines', 'AS7324F', '15:03:00', '2025-01-07'),
(10328, 149.95, 'Alaska Airlines', 'AS7324F', '15:03:00', '2025-01-07'),
(10329, 149.95, 'Alaska Airlines', 'AS7324F', '15:03:00', '2025-01-07'),
(10330, 149.95, 'Alaska Airlines', 'AS7324F', '15:03:00', '2025-01-07'),
(10331, 149.95, 'Alaska Airlines', 'AS7324F', '15:03:00', '2025-01-07'),
(10332, 149.95, 'Alaska Airlines', 'AS7324F', '15:03:00', '2025-01-07'),
(10333, 149.95, 'Alaska Airlines', 'AS7324F', '15:03:00', '2025-01-07'),
(10334, 149.95, 'Alaska Airlines', 'AS7324F', '15:03:00', '2025-01-07'),
(10335, 149.95, 'Alaska Airlines', 'AS7324F', '15:03:00', '2025-01-07'),
(10336, 149.95, 'Alaska Airlines', 'AS7324F', '15:03:00', '2025-01-07'),
(10337, 149.95, 'Alaska Airlines', 'AS7324F', '15:03:00', '2025-01-07'),
(10338, 149.95, 'Alaska Airlines', 'AS7324F', '15:03:00', '2025-01-07'),
(10339, 149.95, 'Alaska Airlines', 'AS7324F', '15:03:00', '2025-01-07'),
(10340, 149.95, 'Alaska Airlines', 'AS7324F', '15:03:00', '2025-01-07'),
(10341, 149.95, 'Alaska Airlines', 'AS7324F', '15:03:00', '2025-01-07'),
(10342, 149.95, 'Alaska Airlines', 'AS7324F', '15:03:00', '2025-01-07'),
(10343, 149.95, 'Alaska Airlines', 'AS7324F', '15:03:00', '2025-01-07'),
(10344, 149.95, 'Alaska Airlines', 'AS7324F', '15:03:00', '2025-01-07'),
(10345, 149.95, 'Alaska Airlines', 'AS7324F', '15:03:00', '2025-01-07'),
(10346, 149.95, 'Alaska Airlines', 'AS7324F', '15:03:00', '2025-01-07'),
(10347, 149.95, 'Alaska Airlines', 'AS7324F', '15:03:00', '2025-01-07'),
(10348, 149.95, 'Alaska Airlines', 'AS7324F', '15:03:00', '2025-01-07'),
(10349, 149.95, 'Alaska Airlines', 'AS7324F', '15:03:00', '2025-01-07'),
(10350, 149.95, 'Alaska Airlines', 'AS7324F', '15:03:00', '2025-01-07'),
(10351, 149.95, 'Alaska Airlines', 'AS7324F', '15:03:00', '2025-01-07'),
(10352, 149.95, 'Alaska Airlines', 'AS7324F', '15:03:00', '2025-01-07'),
(10353, 149.95, 'Alaska Airlines', 'AS7324F', '15:03:00', '2025-01-07'),
(10354, 149.95, 'Alaska Airlines', 'AS7324F', '15:03:00', '2025-01-07'),
(10355, 149.95, 'Alaska Airlines', 'AS7324F', '15:03:00', '2025-01-07'),
(10356, 149.95, 'Alaska Airlines', 'AS7324F', '15:03:00', '2025-01-07'),
(10357, 149.95, 'Alaska Airlines', 'AS7324F', '15:03:00', '2025-01-07'),
(10358, 149.95, 'Alaska Airlines', 'AS7324F', '15:03:00', '2025-01-07'),
(10359, 149.95, 'Alaska Airlines', 'AS7324F', '15:03:00', '2025-01-07'),
(10360, 149.95, 'Alaska Airlines', 'AS7324F', '15:03:00', '2025-01-07'),
(10361, 149.95, 'Alaska Airlines', 'AS7324F', '15:03:00', '2025-01-07'),
(10362, 149.95, 'Alaska Airlines', 'AS7324F', '15:03:00', '2025-01-07'),
(10363, 149.95, 'Alaska Airlines', 'AS7324F', '15:03:00', '2025-01-07'),
(10364, 149.95, 'Alaska Airlines', 'AS7324F', '15:03:00', '2025-01-07'),
(10365, 149.95, 'Alaska Airlines', 'AS7324F', '15:03:00', '2025-01-07'),
(10366, 149.95, 'Alaska Airlines', 'AS7324F', '15:03:00', '2025-01-07'),
(10367, 149.95, 'Alaska Airlines', 'AS7324F', '15:03:00', '2025-01-07'),
(10368, 149.95, 'Alaska Airlines', 'AS7324F', '15:03:00', '2025-01-07'),
(10369, 149.95, 'Alaska Airlines', 'AS7324F', '15:03:00', '2025-01-07'),
(10370, 149.95, 'Alaska Airlines', 'AS7324F', '15:03:00', '2025-01-07'),
(10371, 149.95, 'Alaska Airlines', 'AS7324F', '15:03:00', '2025-01-07'),
(10372, 149.95, 'Alaska Airlines', 'AS7324F', '15:03:00', '2025-01-07'),
(10373, 149.95, 'Alaska Airlines', 'AS7324F', '15:03:00', '2025-01-07'),
(10374, 149.95, 'Alaska Airlines', 'AS7324F', '15:03:00', '2025-01-07'),
(10375, 149.95, 'Alaska Airlines', 'AS7324F', '15:03:00', '2025-01-07'),
(10376, 149.95, 'Alaska Airlines', 'AS7324F', '15:03:00', '2025-01-07'),
(10377, 149.95, 'Alaska Airlines', 'AS7324F', '15:03:00', '2025-01-07'),
(10378, 149.95, 'Alaska Airlines', 'AS7324F', '15:03:00', '2025-01-07'),
(10379, 149.95, 'Alaska Airlines', 'AS7324F', '15:03:00', '2025-01-07'),
(10380, 149.95, 'Alaska Airlines', 'AS7324F', '15:03:00', '2025-01-07'),
(10381, 149.95, 'Alaska Airlines', 'AS7324F', '15:03:00', '2025-01-07'),
(10382, 149.95, 'Alaska Airlines', 'AS7324F', '15:03:00', '2025-01-07'),
(10383, 149.95, 'Alaska Airlines', 'AS7324F', '15:03:00', '2025-01-07'),
(10384, 149.95, 'Alaska Airlines', 'AS7324F', '15:03:00', '2025-01-07'),
(10385, 149.95, 'Alaska Airlines', 'AS7324F', '15:03:00', '2025-01-07'),
(10386, 149.95, 'Alaska Airlines', 'AS7324F', '15:03:00', '2025-01-07'),
(10387, 149.95, 'Alaska Airlines', 'AS7324F', '15:03:00', '2025-01-07'),
(10388, 149.95, 'Alaska Airlines', 'AS7324F', '15:03:00', '2025-01-07'),
(10389, 149.95, 'Alaska Airlines', 'AS7324F', '15:03:00', '2025-01-07'),
(10390, 149.95, 'Alaska Airlines', 'AS7324F', '15:03:00', '2025-01-07'),
(10391, 149.95, 'Alaska Airlines', 'AS7324F', '15:03:00', '2025-01-07'),
(10392, 149.95, 'Alaska Airlines', 'AS7324F', '15:03:00', '2025-01-07'),
(10393, 149.95, 'Alaska Airlines', 'AS7324F', '15:03:00', '2025-01-07'),
(10394, 149.95, 'Alaska Airlines', 'AS7324F', '15:03:00', '2025-01-07'),
(10395, 149.95, 'Alaska Airlines', 'AS7324F', '15:03:00', '2025-01-07'),
(10396, 149.95, 'Alaska Airlines', 'AS7324F', '15:03:00', '2025-01-07'),
(10397, 149.95, 'Alaska Airlines', 'AS7324F', '15:03:00', '2025-01-07'),
(10398, 149.95, 'Alaska Airlines', 'AS7324F', '15:03:00', '2025-01-07'),
(10399, 149.95, 'Alaska Airlines', 'AS7324F', '15:03:00', '2025-01-07'),
(10400, 149.95, 'Alaska Airlines', 'AS7324F', '15:03:00', '2025-01-07'),
(10401, 149.95, 'Alaska Airlines', 'AS7324F', '15:03:00', '2025-01-07'),
(10402, 149.95, 'Alaska Airlines', 'AS7324F', '15:03:00', '2025-01-07'),
(10403, 149.95, 'Alaska Airlines', 'AS7324F', '15:03:00', '2025-01-07'),
(10404, 149.95, 'Alaska Airlines', 'AS7324F', '15:03:00', '2025-01-07'),
(10405, 149.95, 'Alaska Airlines', 'AS7324F', '15:03:00', '2025-01-07'),
(10406, 149.95, 'Alaska Airlines', 'AS7324F', '15:03:00', '2025-01-07'),
(10407, 149.95, 'Alaska Airlines', 'AS7324F', '15:03:00', '2025-01-07'),
(10408, 149.95, 'Alaska Airlines', 'AS7324F', '15:03:00', '2025-01-07'),
(10409, 149.95, 'Alaska Airlines', 'AS7324F', '15:03:00', '2025-01-07'),
(10410, 149.95, 'Alaska Airlines', 'AS7324F', '15:03:00', '2025-01-07'),
(10411, 149.95, 'Alaska Airlines', 'AS7324F', '15:03:00', '2025-01-07'),
(10412, 149.95, 'Alaska Airlines', 'AS7324F', '15:03:00', '2025-01-07'),
(10413, 149.95, 'Alaska Airlines', 'AS7324F', '15:03:00', '2025-01-07'),
(10414, 149.95, 'Alaska Airlines', 'AS7324F', '15:03:00', '2025-01-07'),
(10415, 149.95, 'Alaska Airlines', 'AS7324F', '15:03:00', '2025-01-07'),
(10416, 149.95, 'Alaska Airlines', 'AS7324F', '15:03:00', '2025-01-07'),
(10417, 149.95, 'Alaska Airlines', 'AS7324F', '15:03:00', '2025-01-07'),
(10418, 149.95, 'Alaska Airlines', 'AS7324F', '15:03:00', '2025-01-07'),
(10419, 149.95, 'Alaska Airlines', 'AS7324F', '15:03:00', '2025-01-07'),
(10420, 149.95, 'Alaska Airlines', 'AS7324F', '15:03:00', '2025-01-07'),
(10421, 149.95, 'Alaska Airlines', 'AS7324F', '15:03:00', '2025-01-07'),
(10422, 149.95, 'Alaska Airlines', 'AS7324F', '15:03:00', '2025-01-07'),
(10423, 149.95, 'Alaska Airlines', 'AS7324F', '15:03:00', '2025-01-07'),
(10424, 149.95, 'Alaska Airlines', 'AS7324F', '15:03:00', '2025-01-07'),
(10425, 149.95, 'Alaska Airlines', 'AS7324F', '15:03:00', '2025-01-07'),
(10426, 149.95, 'Alaska Airlines', 'AS7324F', '15:03:00', '2025-01-07'),
(10427, 149.95, 'Alaska Airlines', 'AS7324F', '15:03:00', '2025-01-07'),
(10428, 149.95, 'Alaska Airlines', 'AS7324F', '15:03:00', '2025-01-07'),
(10429, 149.95, 'Alaska Airlines', 'AS7324F', '15:03:00', '2025-01-07'),
(10430, 149.95, 'Alaska Airlines', 'AS7324F', '15:03:00', '2025-01-07'),
(10431, 149.95, 'Alaska Airlines', 'AS7324F', '15:03:00', '2025-01-07'),
(10432, 149.95, 'Alaska Airlines', 'AS7324F', '15:03:00', '2025-01-07'),
(10433, 149.95, 'Alaska Airlines', 'AS7324F', '15:03:00', '2025-01-07'),
(10434, 149.95, 'Alaska Airlines', 'AS7324F', '15:03:00', '2025-01-07'),
(10435, 149.95, 'Alaska Airlines', 'AS7324F', '15:03:00', '2025-01-07'),
(10436, 149.95, 'Alaska Airlines', 'AS7324F', '15:03:00', '2025-01-07'),
(10437, 149.95, 'Alaska Airlines', 'AS7324F', '15:03:00', '2025-01-07'),
(10438, 149.95, 'Alaska Airlines', 'AS7324F', '15:03:00', '2025-01-07'),
(10439, 149.95, 'Alaska Airlines', 'AS7324F', '15:03:00', '2025-01-07'),
(10440, 149.95, 'Alaska Airlines', 'AS7324F', '15:03:00', '2025-01-07'),
(10441, 149.95, 'Alaska Airlines', 'AS7324F', '15:03:00', '2025-01-07'),
(10442, 149.95, 'Alaska Airlines', 'AS7324F', '15:03:00', '2025-01-07'),
(10443, 149.95, 'Alaska Airlines', 'AS7324F', '15:03:00', '2025-01-07'),
(10444, 149.95, 'Alaska Airlines', 'AS7324F', '15:03:00', '2025-01-07'),
(10445, 149.95, 'Alaska Airlines', 'AS7324F', '15:03:00', '2025-01-07'),
(10446, 149.95, 'Alaska Airlines', 'AS7324F', '15:03:00', '2025-01-07'),
(10447, 149.95, 'Alaska Airlines', 'AS7324F', '15:03:00', '2025-01-07'),
(10448, 149.95, 'Alaska Airlines', 'AS7324F', '15:03:00', '2025-01-07'),
(10449, 149.95, 'Alaska Airlines', 'AS7324F', '15:03:00', '2025-01-07'),
(10450, 149.95, 'Alaska Airlines', 'AS7324F', '15:03:00', '2025-01-07'),
(10451, 149.95, 'Alaska Airlines', 'AS7324F', '15:03:00', '2025-01-07'),
(10452, 149.95, 'Alaska Airlines', 'AS7324F', '15:03:00', '2025-01-07'),
(10453, 149.95, 'Alaska Airlines', 'AS7324F', '15:03:00', '2025-01-07'),
(10454, 149.95, 'Alaska Airlines', 'AS7324F', '15:03:00', '2025-01-07'),
(10455, 149.95, 'Alaska Airlines', 'AS7324F', '15:03:00', '2025-01-07'),
(10456, 149.95, 'Alaska Airlines', 'AS7324F', '15:03:00', '2025-01-07'),
(10457, 149.95, 'Alaska Airlines', 'AS7324F', '15:03:00', '2025-01-07'),
(10458, 149.95, 'Alaska Airlines', 'AS7324F', '15:03:00', '2025-01-07'),
(10459, 149.95, 'Alaska Airlines', 'AS7324F', '15:03:00', '2025-01-07'),
(10460, 149.95, 'Alaska Airlines', 'AS7324F', '15:03:00', '2025-01-07'),
(10461, 149.95, 'Alaska Airlines', 'AS7324F', '15:03:00', '2025-01-07'),
(10462, 149.95, 'Alaska Airlines', 'AS7324F', '15:03:00', '2025-01-07'),
(10463, 149.95, 'Alaska Airlines', 'AS7324F', '15:03:00', '2025-01-07'),
(10464, 149.95, 'Alaska Airlines', 'AS7324F', '15:03:00', '2025-01-07'),
(10465, 149.95, 'Alaska Airlines', 'AS7324F', '15:03:00', '2025-01-07'),
(10466, 149.95, 'Alaska Airlines', 'AS7324F', '15:03:00', '2025-01-07'),
(10467, 149.95, 'Alaska Airlines', 'AS7324F', '15:03:00', '2025-01-07'),
(10468, 149.95, 'Alaska Airlines', 'AS7324F', '15:03:00', '2025-01-07'),
(10469, 149.95, 'Alaska Airlines', 'AS7324F', '15:03:00', '2025-01-07'),
(10470, 149.95, 'Alaska Airlines', 'AS7324F', '15:03:00', '2025-01-07'),
(10471, 149.95, 'Alaska Airlines', 'AS7324F', '15:03:00', '2025-01-07'),
(10472, 149.95, 'Alaska Airlines', 'AS7324F', '15:03:00', '2025-01-07'),
(10473, 149.95, 'Alaska Airlines', 'AS7324F', '15:03:00', '2025-01-07'),
(10474, 149.95, 'Alaska Airlines', 'AS7324F', '15:03:00', '2025-01-07'),
(10475, 149.95, 'Alaska Airlines', 'AS7324F', '15:03:00', '2025-01-07'),
(10476, 149.95, 'Alaska Airlines', 'AS7324F', '15:03:00', '2025-01-07'),
(10477, 149.95, 'Alaska Airlines', 'AS7324F', '15:03:00', '2025-01-07'),
(10478, 149.95, 'Alaska Airlines', 'AS7324F', '15:03:00', '2025-01-07'),
(10479, 149.95, 'Alaska Airlines', 'AS7324F', '15:03:00', '2025-01-07'),
(10480, 149.95, 'Alaska Airlines', 'AS7324F', '15:03:00', '2025-01-07'),
(10481, 149.95, 'Alaska Airlines', 'AS7324F', '15:03:00', '2025-01-07'),
(10482, 324, 'Alaska Airlines', 'AS7324G', '13:03:00', '2024-12-30'),
(10483, 324, 'Alaska Airlines', 'AS7324G', '13:03:00', '2024-12-30'),
(10484, 324, 'Alaska Airlines', 'AS7324G', '13:03:00', '2024-12-30'),
(10485, 324, 'Alaska Airlines', 'AS7324G', '13:03:00', '2024-12-30'),
(10486, 324, 'Alaska Airlines', 'AS7324G', '13:03:00', '2024-12-30'),
(10487, 324, 'Alaska Airlines', 'AS7324G', '13:03:00', '2024-12-30'),
(10488, 324, 'Alaska Airlines', 'AS7324G', '13:03:00', '2024-12-30'),
(10489, 324, 'Alaska Airlines', 'AS7324G', '13:03:00', '2024-12-30'),
(10490, 324, 'Alaska Airlines', 'AS7324G', '13:03:00', '2024-12-30'),
(10491, 324, 'Alaska Airlines', 'AS7324G', '13:03:00', '2024-12-30'),
(10492, 324, 'Alaska Airlines', 'AS7324G', '13:03:00', '2024-12-30'),
(10493, 324, 'Alaska Airlines', 'AS7324G', '13:03:00', '2024-12-30'),
(10494, 324, 'Alaska Airlines', 'AS7324G', '13:03:00', '2024-12-30'),
(10495, 324, 'Alaska Airlines', 'AS7324G', '13:03:00', '2024-12-30'),
(10496, 324, 'Alaska Airlines', 'AS7324G', '13:03:00', '2024-12-30'),
(10497, 324, 'Alaska Airlines', 'AS7324G', '13:03:00', '2024-12-30'),
(10498, 324, 'Alaska Airlines', 'AS7324G', '13:03:00', '2024-12-30'),
(10499, 324, 'Alaska Airlines', 'AS7324G', '13:03:00', '2024-12-30'),
(10500, 324, 'Alaska Airlines', 'AS7324G', '13:03:00', '2024-12-30'),
(10501, 324, 'Alaska Airlines', 'AS7324G', '13:03:00', '2024-12-30'),
(10502, 324, 'Alaska Airlines', 'AS7324G', '13:03:00', '2024-12-30'),
(10503, 324, 'Alaska Airlines', 'AS7324G', '13:03:00', '2024-12-30'),
(10504, 324, 'Alaska Airlines', 'AS7324G', '13:03:00', '2024-12-30'),
(10505, 324, 'Alaska Airlines', 'AS7324G', '13:03:00', '2024-12-30'),
(10506, 324, 'Alaska Airlines', 'AS7324G', '13:03:00', '2024-12-30'),
(10507, 324, 'Alaska Airlines', 'AS7324G', '13:03:00', '2024-12-30'),
(10508, 324, 'Alaska Airlines', 'AS7324G', '13:03:00', '2024-12-30'),
(10509, 324, 'Alaska Airlines', 'AS7324G', '13:03:00', '2024-12-30'),
(10510, 324, 'Alaska Airlines', 'AS7324G', '13:03:00', '2024-12-30'),
(10511, 324, 'Alaska Airlines', 'AS7324G', '13:03:00', '2024-12-30'),
(10512, 324, 'Alaska Airlines', 'AS7324G', '13:03:00', '2024-12-30'),
(10513, 324, 'Alaska Airlines', 'AS7324G', '13:03:00', '2024-12-30'),
(10514, 324, 'Alaska Airlines', 'AS7324G', '13:03:00', '2024-12-30'),
(10515, 324, 'Alaska Airlines', 'AS7324G', '13:03:00', '2024-12-30'),
(10516, 324, 'Alaska Airlines', 'AS7324G', '13:03:00', '2024-12-30'),
(10517, 324, 'Alaska Airlines', 'AS7324G', '13:03:00', '2024-12-30'),
(10518, 324, 'Alaska Airlines', 'AS7324G', '13:03:00', '2024-12-30'),
(10519, 324, 'Alaska Airlines', 'AS7324G', '13:03:00', '2024-12-30'),
(10520, 324, 'Alaska Airlines', 'AS7324G', '13:03:00', '2024-12-30'),
(10521, 324, 'Alaska Airlines', 'AS7324G', '13:03:00', '2024-12-30'),
(10522, 324, 'Alaska Airlines', 'AS7324G', '13:03:00', '2024-12-30'),
(10523, 324, 'Alaska Airlines', 'AS7324G', '13:03:00', '2024-12-30'),
(10524, 324, 'Alaska Airlines', 'AS7324G', '13:03:00', '2024-12-30'),
(10525, 324, 'Alaska Airlines', 'AS7324G', '13:03:00', '2024-12-30'),
(10526, 324, 'Alaska Airlines', 'AS7324G', '13:03:00', '2024-12-30'),
(10527, 324, 'Alaska Airlines', 'AS7324G', '13:03:00', '2024-12-30'),
(10528, 324, 'Alaska Airlines', 'AS7324G', '13:03:00', '2024-12-30'),
(10529, 324, 'Alaska Airlines', 'AS7324G', '13:03:00', '2024-12-30'),
(10530, 324, 'Alaska Airlines', 'AS7324G', '13:03:00', '2024-12-30'),
(10531, 324, 'Alaska Airlines', 'AS7324G', '13:03:00', '2024-12-30'),
(10532, 324, 'Alaska Airlines', 'AS7324G', '13:03:00', '2024-12-30'),
(10533, 324, 'Alaska Airlines', 'AS7324G', '13:03:00', '2024-12-30'),
(10534, 324, 'Alaska Airlines', 'AS7324G', '13:03:00', '2024-12-30'),
(10535, 324, 'Alaska Airlines', 'AS7324G', '13:03:00', '2024-12-30'),
(10536, 324, 'Alaska Airlines', 'AS7324G', '13:03:00', '2024-12-30'),
(10537, 324, 'Alaska Airlines', 'AS7324G', '13:03:00', '2024-12-30'),
(10538, 324, 'Alaska Airlines', 'AS7324G', '13:03:00', '2024-12-30'),
(10539, 324, 'Alaska Airlines', 'AS7324G', '13:03:00', '2024-12-30'),
(10540, 324, 'Alaska Airlines', 'AS7324G', '13:03:00', '2024-12-30'),
(10541, 324, 'Alaska Airlines', 'AS7324G', '13:03:00', '2024-12-30'),
(10542, 324, 'Alaska Airlines', 'AS7324G', '13:03:00', '2024-12-30'),
(10543, 324, 'Alaska Airlines', 'AS7324G', '13:03:00', '2024-12-30'),
(10544, 324, 'Alaska Airlines', 'AS7324G', '13:03:00', '2024-12-30'),
(10545, 324, 'Alaska Airlines', 'AS7324G', '13:03:00', '2024-12-30'),
(10546, 324, 'Alaska Airlines', 'AS7324G', '13:03:00', '2024-12-30'),
(10547, 324, 'Alaska Airlines', 'AS7324G', '13:03:00', '2024-12-30'),
(10548, 324, 'Alaska Airlines', 'AS7324G', '13:03:00', '2024-12-30'),
(10549, 324, 'Alaska Airlines', 'AS7324G', '13:03:00', '2024-12-30'),
(10550, 324, 'Alaska Airlines', 'AS7324G', '13:03:00', '2024-12-30'),
(10551, 324, 'Alaska Airlines', 'AS7324G', '13:03:00', '2024-12-30'),
(10552, 324, 'Alaska Airlines', 'AS7324G', '13:03:00', '2024-12-30'),
(10553, 324, 'Alaska Airlines', 'AS7324G', '13:03:00', '2024-12-30'),
(10554, 324, 'Alaska Airlines', 'AS7324G', '13:03:00', '2024-12-30'),
(10555, 324, 'Alaska Airlines', 'AS7324G', '13:03:00', '2024-12-30'),
(10556, 324, 'Alaska Airlines', 'AS7324G', '13:03:00', '2024-12-30'),
(10557, 324, 'Alaska Airlines', 'AS7324G', '13:03:00', '2024-12-30'),
(10558, 324, 'Alaska Airlines', 'AS7324G', '13:03:00', '2024-12-30'),
(10559, 324, 'Alaska Airlines', 'AS7324G', '13:03:00', '2024-12-30'),
(10560, 324, 'Alaska Airlines', 'AS7324G', '13:03:00', '2024-12-30'),
(10561, 324, 'Alaska Airlines', 'AS7324G', '13:03:00', '2024-12-30'),
(10562, 324, 'Alaska Airlines', 'AS7324G', '13:03:00', '2024-12-30'),
(10563, 324, 'Alaska Airlines', 'AS7324G', '13:03:00', '2024-12-30'),
(10564, 324, 'Alaska Airlines', 'AS7324G', '13:03:00', '2024-12-30'),
(10565, 324, 'Alaska Airlines', 'AS7324G', '13:03:00', '2024-12-30'),
(10566, 324, 'Alaska Airlines', 'AS7324G', '13:03:00', '2024-12-30'),
(10567, 324, 'Alaska Airlines', 'AS7324G', '13:03:00', '2024-12-30'),
(10568, 324, 'Alaska Airlines', 'AS7324G', '13:03:00', '2024-12-30'),
(10569, 324, 'Alaska Airlines', 'AS7324G', '13:03:00', '2024-12-30'),
(10570, 324, 'Alaska Airlines', 'AS7324G', '13:03:00', '2024-12-30'),
(10571, 324, 'Alaska Airlines', 'AS7324G', '13:03:00', '2024-12-30'),
(10572, 324, 'Alaska Airlines', 'AS7324G', '13:03:00', '2024-12-30'),
(10573, 324, 'Alaska Airlines', 'AS7324G', '13:03:00', '2024-12-30'),
(10574, 324, 'Alaska Airlines', 'AS7324G', '13:03:00', '2024-12-30'),
(10575, 324, 'Alaska Airlines', 'AS7324G', '13:03:00', '2024-12-30'),
(10576, 324, 'Alaska Airlines', 'AS7324G', '13:03:00', '2024-12-30'),
(10577, 324, 'Alaska Airlines', 'AS7324G', '13:03:00', '2024-12-30'),
(10578, 324, 'Alaska Airlines', 'AS7324G', '13:03:00', '2024-12-30'),
(10579, 324, 'Alaska Airlines', 'AS7324G', '13:03:00', '2024-12-30'),
(10580, 324, 'Alaska Airlines', 'AS7324G', '13:03:00', '2024-12-30'),
(10581, 324, 'Alaska Airlines', 'AS7324G', '13:03:00', '2024-12-30'),
(10582, 324, 'Alaska Airlines', 'AS7324G', '13:03:00', '2024-12-30'),
(10583, 324, 'Alaska Airlines', 'AS7324G', '13:03:00', '2024-12-30'),
(10584, 324, 'Alaska Airlines', 'AS7324G', '13:03:00', '2024-12-30'),
(10585, 324, 'Alaska Airlines', 'AS7324G', '13:03:00', '2024-12-30'),
(10586, 324, 'Alaska Airlines', 'AS7324G', '13:03:00', '2024-12-30'),
(10587, 324, 'Alaska Airlines', 'AS7324G', '13:03:00', '2024-12-30'),
(10588, 324, 'Alaska Airlines', 'AS7324G', '13:03:00', '2024-12-30'),
(10589, 324, 'Alaska Airlines', 'AS7324G', '13:03:00', '2024-12-30'),
(10590, 324, 'Alaska Airlines', 'AS7324G', '13:03:00', '2024-12-30'),
(10591, 324, 'Alaska Airlines', 'AS7324G', '13:03:00', '2024-12-30'),
(10592, 324, 'Alaska Airlines', 'AS7324G', '13:03:00', '2024-12-30'),
(10593, 324, 'Alaska Airlines', 'AS7324G', '13:03:00', '2024-12-30'),
(10594, 324, 'Alaska Airlines', 'AS7324G', '13:03:00', '2024-12-30'),
(10595, 324, 'Alaska Airlines', 'AS7324G', '13:03:00', '2024-12-30'),
(10596, 324, 'Alaska Airlines', 'AS7324G', '13:03:00', '2024-12-30'),
(10597, 324, 'Alaska Airlines', 'AS7324G', '13:03:00', '2024-12-30'),
(10598, 324, 'Alaska Airlines', 'AS7324G', '13:03:00', '2024-12-30'),
(10599, 324, 'Alaska Airlines', 'AS7324G', '13:03:00', '2024-12-30'),
(10600, 324, 'Alaska Airlines', 'AS7324G', '13:03:00', '2024-12-30'),
(10601, 324, 'Alaska Airlines', 'AS7324G', '13:03:00', '2024-12-30'),
(10602, 324, 'Alaska Airlines', 'AS7324G', '13:03:00', '2024-12-30'),
(10603, 324, 'Alaska Airlines', 'AS7324G', '13:03:00', '2024-12-30'),
(10604, 324, 'Alaska Airlines', 'AS7324G', '13:03:00', '2024-12-30'),
(10605, 324, 'Alaska Airlines', 'AS7324G', '13:03:00', '2024-12-30'),
(10606, 324, 'Alaska Airlines', 'AS7324G', '13:03:00', '2024-12-30'),
(10607, 324, 'Alaska Airlines', 'AS7324G', '13:03:00', '2024-12-30'),
(10608, 324, 'Alaska Airlines', 'AS7324G', '13:03:00', '2024-12-30'),
(10609, 324, 'Alaska Airlines', 'AS7324G', '13:03:00', '2024-12-30'),
(10610, 324, 'Alaska Airlines', 'AS7324G', '13:03:00', '2024-12-30'),
(10611, 324, 'Alaska Airlines', 'AS7324G', '13:03:00', '2024-12-30'),
(10612, 324, 'Alaska Airlines', 'AS7324G', '13:03:00', '2024-12-30'),
(10613, 324, 'Alaska Airlines', 'AS7324G', '13:03:00', '2024-12-30'),
(10614, 324, 'Alaska Airlines', 'AS7324G', '13:03:00', '2024-12-30'),
(10615, 324, 'Alaska Airlines', 'AS7324G', '13:03:00', '2024-12-30'),
(10616, 324, 'Alaska Airlines', 'AS7324G', '13:03:00', '2024-12-30'),
(10617, 324, 'Alaska Airlines', 'AS7324G', '13:03:00', '2024-12-30'),
(10618, 324, 'Alaska Airlines', 'AS7324G', '13:03:00', '2024-12-30'),
(10619, 324, 'Alaska Airlines', 'AS7324G', '13:03:00', '2024-12-30'),
(10620, 324, 'Alaska Airlines', 'AS7324G', '13:03:00', '2024-12-30'),
(10621, 324, 'Alaska Airlines', 'AS7324G', '13:03:00', '2024-12-30'),
(10622, 324, 'Alaska Airlines', 'AS7324G', '13:03:00', '2024-12-30'),
(10623, 324, 'Alaska Airlines', 'AS7324G', '13:03:00', '2024-12-30'),
(10624, 324, 'Alaska Airlines', 'AS7324G', '13:03:00', '2024-12-30'),
(10625, 324, 'Alaska Airlines', 'AS7324G', '13:03:00', '2024-12-30'),
(10626, 324, 'Alaska Airlines', 'AS7324G', '13:03:00', '2024-12-30'),
(10627, 324, 'Alaska Airlines', 'AS7324G', '13:03:00', '2024-12-30'),
(10628, 324, 'Alaska Airlines', 'AS7324G', '13:03:00', '2024-12-30'),
(10629, 324, 'Alaska Airlines', 'AS7324G', '13:03:00', '2024-12-30'),
(10630, 324, 'Alaska Airlines', 'AS7324G', '13:03:00', '2024-12-30'),
(10631, 324, 'Alaska Airlines', 'AS7324G', '13:03:00', '2024-12-30'),
(10632, 324, 'Alaska Airlines', 'AS7324G', '13:03:00', '2024-12-30'),
(10633, 324, 'Alaska Airlines', 'AS7324G', '13:03:00', '2024-12-30'),
(10634, 324, 'Alaska Airlines', 'AS7324G', '13:03:00', '2024-12-30'),
(10635, 324, 'Alaska Airlines', 'AS7324G', '13:03:00', '2024-12-30'),
(10636, 324, 'Alaska Airlines', 'AS7324G', '13:03:00', '2024-12-30'),
(10637, 324, 'Alaska Airlines', 'AS7324G', '13:03:00', '2024-12-30'),
(10638, 324, 'Alaska Airlines', 'AS7324G', '13:03:00', '2024-12-30'),
(10639, 324, 'Alaska Airlines', 'AS7324G', '13:03:00', '2024-12-30'),
(10640, 324, 'Alaska Airlines', 'AS7324G', '13:03:00', '2024-12-30'),
(10641, 324, 'Alaska Airlines', 'AS7324G', '13:03:00', '2024-12-30'),
(10642, 1000, 'JetBlue Airways', 'JB6078D', '10:30:00', '2024-12-30'),
(10643, 1000, 'JetBlue Airways', 'JB6078D', '10:30:00', '2024-12-30'),
(10644, 1000, 'JetBlue Airways', 'JB6078D', '10:30:00', '2024-12-30'),
(10645, 1000, 'JetBlue Airways', 'JB6078D', '10:30:00', '2024-12-30'),
(10646, 1000, 'JetBlue Airways', 'JB6078D', '10:30:00', '2024-12-30'),
(10647, 1000, 'JetBlue Airways', 'JB6078D', '10:30:00', '2024-12-30'),
(10648, 1000, 'JetBlue Airways', 'JB6078D', '10:30:00', '2024-12-30'),
(10649, 1000, 'JetBlue Airways', 'JB6078D', '10:30:00', '2024-12-30'),
(10650, 1000, 'JetBlue Airways', 'JB6078D', '10:30:00', '2024-12-30'),
(10651, 1000, 'JetBlue Airways', 'JB6078D', '10:30:00', '2024-12-30'),
(10652, 1000, 'JetBlue Airways', 'JB6078D', '10:30:00', '2024-12-30'),
(10653, 1000, 'JetBlue Airways', 'JB6078D', '10:30:00', '2024-12-30'),
(10654, 1000, 'JetBlue Airways', 'JB6078D', '10:30:00', '2024-12-30'),
(10655, 1000, 'JetBlue Airways', 'JB6078D', '10:30:00', '2024-12-30'),
(10656, 1000, 'JetBlue Airways', 'JB6078D', '10:30:00', '2024-12-30'),
(10657, 1000, 'JetBlue Airways', 'JB6078D', '10:30:00', '2024-12-30'),
(10658, 1000, 'JetBlue Airways', 'JB6078D', '10:30:00', '2024-12-30'),
(10659, 1000, 'JetBlue Airways', 'JB6078D', '10:30:00', '2024-12-30'),
(10660, 1000, 'JetBlue Airways', 'JB6078D', '10:30:00', '2024-12-30'),
(10661, 1000, 'JetBlue Airways', 'JB6078D', '10:30:00', '2024-12-30'),
(10662, 1000, 'JetBlue Airways', 'JB6078D', '10:30:00', '2024-12-30'),
(10663, 1000, 'JetBlue Airways', 'JB6078D', '10:30:00', '2024-12-30'),
(10664, 1000, 'JetBlue Airways', 'JB6078D', '10:30:00', '2024-12-30'),
(10665, 1000, 'JetBlue Airways', 'JB6078D', '10:30:00', '2024-12-30'),
(10666, 1000, 'JetBlue Airways', 'JB6078D', '10:30:00', '2024-12-30'),
(10667, 1000, 'JetBlue Airways', 'JB6078D', '10:30:00', '2024-12-30'),
(10668, 1000, 'JetBlue Airways', 'JB6078D', '10:30:00', '2024-12-30'),
(10669, 1000, 'JetBlue Airways', 'JB6078D', '10:30:00', '2024-12-30'),
(10670, 1000, 'JetBlue Airways', 'JB6078D', '10:30:00', '2024-12-30'),
(10671, 1000, 'JetBlue Airways', 'JB6078D', '10:30:00', '2024-12-30'),
(10672, 1000, 'JetBlue Airways', 'JB6078D', '10:30:00', '2024-12-30'),
(10673, 1000, 'JetBlue Airways', 'JB6078D', '10:30:00', '2024-12-30'),
(10674, 1000, 'JetBlue Airways', 'JB6078D', '10:30:00', '2024-12-30'),
(10675, 1000, 'JetBlue Airways', 'JB6078D', '10:30:00', '2024-12-30'),
(10676, 1000, 'JetBlue Airways', 'JB6078D', '10:30:00', '2024-12-30'),
(10677, 1000, 'JetBlue Airways', 'JB6078D', '10:30:00', '2024-12-30'),
(10678, 1000, 'JetBlue Airways', 'JB6078D', '10:30:00', '2024-12-30'),
(10679, 1000, 'JetBlue Airways', 'JB6078D', '10:30:00', '2024-12-30'),
(10680, 1000, 'JetBlue Airways', 'JB6078D', '10:30:00', '2024-12-30'),
(10681, 1000, 'JetBlue Airways', 'JB6078D', '10:30:00', '2024-12-30'),
(10682, 1000, 'JetBlue Airways', 'JB6078D', '10:30:00', '2024-12-30'),
(10683, 1000, 'JetBlue Airways', 'JB6078D', '10:30:00', '2024-12-30'),
(10684, 1000, 'JetBlue Airways', 'JB6078D', '10:30:00', '2024-12-30'),
(10685, 1000, 'JetBlue Airways', 'JB6078D', '10:30:00', '2024-12-30'),
(10686, 1000, 'JetBlue Airways', 'JB6078D', '10:30:00', '2024-12-30'),
(10687, 1000, 'JetBlue Airways', 'JB6078D', '10:30:00', '2024-12-30'),
(10688, 1000, 'JetBlue Airways', 'JB6078D', '10:30:00', '2024-12-30'),
(10689, 1000, 'JetBlue Airways', 'JB6078D', '10:30:00', '2024-12-30'),
(10690, 1000, 'JetBlue Airways', 'JB6078D', '10:30:00', '2024-12-30'),
(10691, 1000, 'JetBlue Airways', 'JB6078D', '10:30:00', '2024-12-30'),
(10692, 1000, 'JetBlue Airways', 'JB6078D', '10:30:00', '2024-12-30'),
(10693, 1000, 'JetBlue Airways', 'JB6078D', '10:30:00', '2024-12-30'),
(10694, 1000, 'JetBlue Airways', 'JB6078D', '10:30:00', '2024-12-30'),
(10695, 1000, 'JetBlue Airways', 'JB6078D', '10:30:00', '2024-12-30'),
(10696, 1000, 'JetBlue Airways', 'JB6078D', '10:30:00', '2024-12-30'),
(10697, 1000, 'JetBlue Airways', 'JB6078D', '10:30:00', '2024-12-30'),
(10698, 1000, 'JetBlue Airways', 'JB6078D', '10:30:00', '2024-12-30'),
(10699, 1000, 'JetBlue Airways', 'JB6078D', '10:30:00', '2024-12-30'),
(10700, 1000, 'JetBlue Airways', 'JB6078D', '10:30:00', '2024-12-30'),
(10701, 1000, 'JetBlue Airways', 'JB6078D', '10:30:00', '2024-12-30'),
(10702, 1000, 'JetBlue Airways', 'JB6078D', '10:30:00', '2024-12-30'),
(10703, 1000, 'JetBlue Airways', 'JB6078D', '10:30:00', '2024-12-30'),
(10704, 1000, 'JetBlue Airways', 'JB6078D', '10:30:00', '2024-12-30'),
(10705, 1000, 'JetBlue Airways', 'JB6078D', '10:30:00', '2024-12-30'),
(10706, 1000, 'JetBlue Airways', 'JB6078D', '10:30:00', '2024-12-30'),
(10707, 1000, 'JetBlue Airways', 'JB6078D', '10:30:00', '2024-12-30'),
(10708, 1000, 'JetBlue Airways', 'JB6078D', '10:30:00', '2024-12-30'),
(10709, 1000, 'JetBlue Airways', 'JB6078D', '10:30:00', '2024-12-30'),
(10710, 1000, 'JetBlue Airways', 'JB6078D', '10:30:00', '2024-12-30'),
(10711, 1000, 'JetBlue Airways', 'JB6078D', '10:30:00', '2024-12-30');
INSERT INTO `ticket` (`ID`, `ticket_price`, `airline_name`, `flight_number`, `departure_time`, `departure_date`) VALUES
(10712, 1000, 'JetBlue Airways', 'JB6078D', '10:30:00', '2024-12-30'),
(10713, 1000, 'JetBlue Airways', 'JB6078D', '10:30:00', '2024-12-30'),
(10714, 1000, 'JetBlue Airways', 'JB6078D', '10:30:00', '2024-12-30'),
(10715, 1000, 'JetBlue Airways', 'JB6078D', '10:30:00', '2024-12-30'),
(10716, 1000, 'JetBlue Airways', 'JB6078D', '10:30:00', '2024-12-30'),
(10717, 1000, 'JetBlue Airways', 'JB6078D', '10:30:00', '2024-12-30'),
(10718, 1000, 'JetBlue Airways', 'JB6078D', '10:30:00', '2024-12-30'),
(10719, 1000, 'JetBlue Airways', 'JB6078D', '10:30:00', '2024-12-30'),
(10720, 1000, 'JetBlue Airways', 'JB6078D', '10:30:00', '2024-12-30'),
(10721, 1000, 'JetBlue Airways', 'JB6078D', '10:30:00', '2024-12-30'),
(10722, 1000, 'JetBlue Airways', 'JB6078D', '10:30:00', '2024-12-30'),
(10723, 1000, 'JetBlue Airways', 'JB6078D', '10:30:00', '2024-12-30'),
(10724, 1000, 'JetBlue Airways', 'JB6078D', '10:30:00', '2024-12-30'),
(10725, 1000, 'JetBlue Airways', 'JB6078D', '10:30:00', '2024-12-30'),
(10726, 1000, 'JetBlue Airways', 'JB6078D', '10:30:00', '2024-12-30'),
(10727, 1000, 'JetBlue Airways', 'JB6078D', '10:30:00', '2024-12-30'),
(10728, 1000, 'JetBlue Airways', 'JB6078D', '10:30:00', '2024-12-30'),
(10729, 1000, 'JetBlue Airways', 'JB6078D', '10:30:00', '2024-12-30'),
(10730, 1000, 'JetBlue Airways', 'JB6078D', '10:30:00', '2024-12-30'),
(10731, 1000, 'JetBlue Airways', 'JB6078D', '10:30:00', '2024-12-30'),
(10732, 1000, 'JetBlue Airways', 'JB6078D', '10:30:00', '2024-12-30'),
(10733, 1000, 'JetBlue Airways', 'JB6078D', '10:30:00', '2024-12-30'),
(10734, 1000, 'JetBlue Airways', 'JB6078D', '10:30:00', '2024-12-30'),
(10735, 1000, 'JetBlue Airways', 'JB6078D', '10:30:00', '2024-12-30'),
(10736, 1000, 'JetBlue Airways', 'JB6078D', '10:30:00', '2024-12-30'),
(10737, 1000, 'JetBlue Airways', 'JB6078D', '10:30:00', '2024-12-30'),
(10738, 1000, 'JetBlue Airways', 'JB6078D', '10:30:00', '2024-12-30'),
(10739, 1000, 'JetBlue Airways', 'JB6078D', '10:30:00', '2024-12-30'),
(10740, 1000, 'JetBlue Airways', 'JB6078D', '10:30:00', '2024-12-30'),
(10741, 1000, 'JetBlue Airways', 'JB6078D', '10:30:00', '2024-12-30'),
(10742, 1000, 'JetBlue Airways', 'JB6078D', '10:30:00', '2024-12-30'),
(10743, 1000, 'JetBlue Airways', 'JB6078D', '10:30:00', '2024-12-30'),
(10744, 1000, 'JetBlue Airways', 'JB6078D', '10:30:00', '2024-12-30'),
(10745, 1000, 'JetBlue Airways', 'JB6078D', '10:30:00', '2024-12-30'),
(10746, 1000, 'JetBlue Airways', 'JB6078D', '10:30:00', '2024-12-30'),
(10747, 1000, 'JetBlue Airways', 'JB6078D', '10:30:00', '2024-12-30'),
(10748, 1000, 'JetBlue Airways', 'JB6078D', '10:30:00', '2024-12-30'),
(10749, 1000, 'JetBlue Airways', 'JB6078D', '10:30:00', '2024-12-30'),
(10750, 1000, 'JetBlue Airways', 'JB6078D', '10:30:00', '2024-12-30'),
(10751, 1000, 'JetBlue Airways', 'JB6078D', '10:30:00', '2024-12-30'),
(10752, 1000, 'JetBlue Airways', 'JB6078D', '10:30:00', '2024-12-30'),
(10753, 1000, 'JetBlue Airways', 'JB6078D', '10:30:00', '2024-12-30'),
(10754, 1000, 'JetBlue Airways', 'JB6078D', '10:30:00', '2024-12-30'),
(10755, 1000, 'JetBlue Airways', 'JB6078D', '10:30:00', '2024-12-30'),
(10756, 1000, 'JetBlue Airways', 'JB6078D', '10:30:00', '2024-12-30'),
(10757, 1000, 'JetBlue Airways', 'JB6078D', '10:30:00', '2024-12-30'),
(10758, 1000, 'JetBlue Airways', 'JB6078D', '10:30:00', '2024-12-30'),
(10759, 1000, 'JetBlue Airways', 'JB6078D', '10:30:00', '2024-12-30'),
(10760, 1000, 'JetBlue Airways', 'JB6078D', '10:30:00', '2024-12-30'),
(10761, 1000, 'JetBlue Airways', 'JB6078D', '10:30:00', '2024-12-30'),
(10762, 1000, 'JetBlue Airways', 'JB6078D', '10:30:00', '2024-12-30'),
(10763, 1000, 'JetBlue Airways', 'JB6078D', '10:30:00', '2024-12-30'),
(10764, 1000, 'JetBlue Airways', 'JB6078D', '10:30:00', '2024-12-30'),
(10765, 1000, 'JetBlue Airways', 'JB6078D', '10:30:00', '2024-12-30'),
(10766, 1000, 'JetBlue Airways', 'JB6078D', '10:30:00', '2024-12-30'),
(10767, 1000, 'JetBlue Airways', 'JB6078D', '10:30:00', '2024-12-30'),
(10768, 1000, 'JetBlue Airways', 'JB6078D', '10:30:00', '2024-12-30'),
(10769, 1000, 'JetBlue Airways', 'JB6078D', '10:30:00', '2024-12-30'),
(10770, 1000, 'JetBlue Airways', 'JB6078D', '10:30:00', '2024-12-30'),
(10771, 1000, 'JetBlue Airways', 'JB6078D', '10:30:00', '2024-12-30'),
(10772, 1000, 'JetBlue Airways', 'JB6078D', '10:30:00', '2024-12-30'),
(10773, 1000, 'JetBlue Airways', 'JB6078D', '10:30:00', '2024-12-30'),
(10774, 1000, 'JetBlue Airways', 'JB6078D', '10:30:00', '2024-12-30'),
(10775, 1000, 'JetBlue Airways', 'JB6078D', '10:30:00', '2024-12-30'),
(10776, 1000, 'JetBlue Airways', 'JB6078D', '10:30:00', '2024-12-30'),
(10777, 1000, 'JetBlue Airways', 'JB6078D', '10:30:00', '2024-12-30'),
(10778, 1000, 'JetBlue Airways', 'JB6078D', '10:30:00', '2024-12-30'),
(10779, 1000, 'JetBlue Airways', 'JB6078D', '10:30:00', '2024-12-30'),
(10780, 1000, 'JetBlue Airways', 'JB6078D', '10:30:00', '2024-12-30'),
(10781, 1000, 'JetBlue Airways', 'JB6078D', '10:30:00', '2024-12-30'),
(10782, 1000, 'JetBlue Airways', 'JB6078D', '10:30:00', '2024-12-30'),
(10783, 1000, 'JetBlue Airways', 'JB6078D', '10:30:00', '2024-12-30'),
(10784, 1000, 'JetBlue Airways', 'JB6078D', '10:30:00', '2024-12-30'),
(10785, 1000, 'JetBlue Airways', 'JB6078D', '10:30:00', '2024-12-30'),
(10786, 1000, 'JetBlue Airways', 'JB6078D', '10:30:00', '2024-12-30'),
(10787, 1000, 'JetBlue Airways', 'JB6078D', '10:30:00', '2024-12-30'),
(10788, 1000, 'JetBlue Airways', 'JB6078D', '10:30:00', '2024-12-30'),
(10789, 1000, 'JetBlue Airways', 'JB6078D', '10:30:00', '2024-12-30'),
(10790, 1000, 'JetBlue Airways', 'JB6078D', '10:30:00', '2024-12-30'),
(10791, 1000, 'JetBlue Airways', 'JB6078D', '10:30:00', '2024-12-30'),
(10792, 1211, 'Alaska Airlines', 'AS7324G', '12:12:00', '1211-12-12'),
(10793, 1211, 'Alaska Airlines', 'AS7324G', '12:12:00', '1211-12-12'),
(10794, 1211, 'Alaska Airlines', 'AS7324G', '12:12:00', '1211-12-12'),
(10795, 1211, 'Alaska Airlines', 'AS7324G', '12:12:00', '1211-12-12'),
(10796, 1211, 'Alaska Airlines', 'AS7324G', '12:12:00', '1211-12-12'),
(10797, 1211, 'Alaska Airlines', 'AS7324G', '12:12:00', '1211-12-12'),
(10798, 1211, 'Alaska Airlines', 'AS7324G', '12:12:00', '1211-12-12'),
(10799, 1211, 'Alaska Airlines', 'AS7324G', '12:12:00', '1211-12-12'),
(10800, 1211, 'Alaska Airlines', 'AS7324G', '12:12:00', '1211-12-12'),
(10801, 1211, 'Alaska Airlines', 'AS7324G', '12:12:00', '1211-12-12'),
(10802, 1211, 'Alaska Airlines', 'AS7324G', '12:12:00', '1211-12-12'),
(10803, 1211, 'Alaska Airlines', 'AS7324G', '12:12:00', '1211-12-12'),
(10804, 1211, 'Alaska Airlines', 'AS7324G', '12:12:00', '1211-12-12'),
(10805, 1211, 'Alaska Airlines', 'AS7324G', '12:12:00', '1211-12-12'),
(10806, 1211, 'Alaska Airlines', 'AS7324G', '12:12:00', '1211-12-12'),
(10807, 1211, 'Alaska Airlines', 'AS7324G', '12:12:00', '1211-12-12'),
(10808, 1211, 'Alaska Airlines', 'AS7324G', '12:12:00', '1211-12-12'),
(10809, 1211, 'Alaska Airlines', 'AS7324G', '12:12:00', '1211-12-12'),
(10810, 1211, 'Alaska Airlines', 'AS7324G', '12:12:00', '1211-12-12'),
(10811, 1211, 'Alaska Airlines', 'AS7324G', '12:12:00', '1211-12-12'),
(10812, 1211, 'Alaska Airlines', 'AS7324G', '12:12:00', '1211-12-12'),
(10813, 1211, 'Alaska Airlines', 'AS7324G', '12:12:00', '1211-12-12'),
(10814, 1211, 'Alaska Airlines', 'AS7324G', '12:12:00', '1211-12-12'),
(10815, 1211, 'Alaska Airlines', 'AS7324G', '12:12:00', '1211-12-12'),
(10816, 1211, 'Alaska Airlines', 'AS7324G', '12:12:00', '1211-12-12'),
(10817, 1211, 'Alaska Airlines', 'AS7324G', '12:12:00', '1211-12-12'),
(10818, 1211, 'Alaska Airlines', 'AS7324G', '12:12:00', '1211-12-12'),
(10819, 1211, 'Alaska Airlines', 'AS7324G', '12:12:00', '1211-12-12'),
(10820, 1211, 'Alaska Airlines', 'AS7324G', '12:12:00', '1211-12-12'),
(10821, 1211, 'Alaska Airlines', 'AS7324G', '12:12:00', '1211-12-12'),
(10822, 1211, 'Alaska Airlines', 'AS7324G', '12:12:00', '1211-12-12'),
(10823, 1211, 'Alaska Airlines', 'AS7324G', '12:12:00', '1211-12-12'),
(10824, 1211, 'Alaska Airlines', 'AS7324G', '12:12:00', '1211-12-12'),
(10825, 1211, 'Alaska Airlines', 'AS7324G', '12:12:00', '1211-12-12'),
(10826, 1211, 'Alaska Airlines', 'AS7324G', '12:12:00', '1211-12-12'),
(10827, 1211, 'Alaska Airlines', 'AS7324G', '12:12:00', '1211-12-12'),
(10828, 1211, 'Alaska Airlines', 'AS7324G', '12:12:00', '1211-12-12'),
(10829, 1211, 'Alaska Airlines', 'AS7324G', '12:12:00', '1211-12-12'),
(10830, 1211, 'Alaska Airlines', 'AS7324G', '12:12:00', '1211-12-12'),
(10831, 1211, 'Alaska Airlines', 'AS7324G', '12:12:00', '1211-12-12'),
(10832, 1211, 'Alaska Airlines', 'AS7324G', '12:12:00', '1211-12-12'),
(10833, 1211, 'Alaska Airlines', 'AS7324G', '12:12:00', '1211-12-12'),
(10834, 1211, 'Alaska Airlines', 'AS7324G', '12:12:00', '1211-12-12'),
(10835, 1211, 'Alaska Airlines', 'AS7324G', '12:12:00', '1211-12-12'),
(10836, 1211, 'Alaska Airlines', 'AS7324G', '12:12:00', '1211-12-12'),
(10837, 1211, 'Alaska Airlines', 'AS7324G', '12:12:00', '1211-12-12'),
(10838, 1211, 'Alaska Airlines', 'AS7324G', '12:12:00', '1211-12-12'),
(10839, 1211, 'Alaska Airlines', 'AS7324G', '12:12:00', '1211-12-12'),
(10840, 1211, 'Alaska Airlines', 'AS7324G', '12:12:00', '1211-12-12'),
(10841, 1211, 'Alaska Airlines', 'AS7324G', '12:12:00', '1211-12-12'),
(10842, 1211, 'Alaska Airlines', 'AS7324G', '12:12:00', '1211-12-12'),
(10843, 1211, 'Alaska Airlines', 'AS7324G', '12:12:00', '1211-12-12'),
(10844, 1211, 'Alaska Airlines', 'AS7324G', '12:12:00', '1211-12-12'),
(10845, 1211, 'Alaska Airlines', 'AS7324G', '12:12:00', '1211-12-12'),
(10846, 1211, 'Alaska Airlines', 'AS7324G', '12:12:00', '1211-12-12'),
(10847, 1211, 'Alaska Airlines', 'AS7324G', '12:12:00', '1211-12-12'),
(10848, 1211, 'Alaska Airlines', 'AS7324G', '12:12:00', '1211-12-12'),
(10849, 1211, 'Alaska Airlines', 'AS7324G', '12:12:00', '1211-12-12'),
(10850, 1211, 'Alaska Airlines', 'AS7324G', '12:12:00', '1211-12-12'),
(10851, 1211, 'Alaska Airlines', 'AS7324G', '12:12:00', '1211-12-12'),
(10852, 1211, 'Alaska Airlines', 'AS7324G', '12:12:00', '1211-12-12'),
(10853, 1211, 'Alaska Airlines', 'AS7324G', '12:12:00', '1211-12-12'),
(10854, 1211, 'Alaska Airlines', 'AS7324G', '12:12:00', '1211-12-12'),
(10855, 1211, 'Alaska Airlines', 'AS7324G', '12:12:00', '1211-12-12'),
(10856, 1211, 'Alaska Airlines', 'AS7324G', '12:12:00', '1211-12-12'),
(10857, 1211, 'Alaska Airlines', 'AS7324G', '12:12:00', '1211-12-12'),
(10858, 1211, 'Alaska Airlines', 'AS7324G', '12:12:00', '1211-12-12'),
(10859, 1211, 'Alaska Airlines', 'AS7324G', '12:12:00', '1211-12-12'),
(10860, 1211, 'Alaska Airlines', 'AS7324G', '12:12:00', '1211-12-12'),
(10861, 1211, 'Alaska Airlines', 'AS7324G', '12:12:00', '1211-12-12'),
(10862, 1211, 'Alaska Airlines', 'AS7324G', '12:12:00', '1211-12-12'),
(10863, 1211, 'Alaska Airlines', 'AS7324G', '12:12:00', '1211-12-12'),
(10864, 1211, 'Alaska Airlines', 'AS7324G', '12:12:00', '1211-12-12'),
(10865, 1211, 'Alaska Airlines', 'AS7324G', '12:12:00', '1211-12-12'),
(10866, 1211, 'Alaska Airlines', 'AS7324G', '12:12:00', '1211-12-12'),
(10867, 1211, 'Alaska Airlines', 'AS7324G', '12:12:00', '1211-12-12'),
(10868, 1211, 'Alaska Airlines', 'AS7324G', '12:12:00', '1211-12-12'),
(10869, 1211, 'Alaska Airlines', 'AS7324G', '12:12:00', '1211-12-12'),
(10870, 1211, 'Alaska Airlines', 'AS7324G', '12:12:00', '1211-12-12'),
(10871, 1211, 'Alaska Airlines', 'AS7324G', '12:12:00', '1211-12-12'),
(10872, 1211, 'Alaska Airlines', 'AS7324G', '12:12:00', '1211-12-12'),
(10873, 1211, 'Alaska Airlines', 'AS7324G', '12:12:00', '1211-12-12'),
(10874, 1211, 'Alaska Airlines', 'AS7324G', '12:12:00', '1211-12-12'),
(10875, 1211, 'Alaska Airlines', 'AS7324G', '12:12:00', '1211-12-12'),
(10876, 1211, 'Alaska Airlines', 'AS7324G', '12:12:00', '1211-12-12'),
(10877, 1211, 'Alaska Airlines', 'AS7324G', '12:12:00', '1211-12-12'),
(10878, 1211, 'Alaska Airlines', 'AS7324G', '12:12:00', '1211-12-12'),
(10879, 1211, 'Alaska Airlines', 'AS7324G', '12:12:00', '1211-12-12'),
(10880, 1211, 'Alaska Airlines', 'AS7324G', '12:12:00', '1211-12-12'),
(10881, 1211, 'Alaska Airlines', 'AS7324G', '12:12:00', '1211-12-12'),
(10882, 1211, 'Alaska Airlines', 'AS7324G', '12:12:00', '1211-12-12'),
(10883, 1211, 'Alaska Airlines', 'AS7324G', '12:12:00', '1211-12-12'),
(10884, 1211, 'Alaska Airlines', 'AS7324G', '12:12:00', '1211-12-12'),
(10885, 1211, 'Alaska Airlines', 'AS7324G', '12:12:00', '1211-12-12'),
(10886, 1211, 'Alaska Airlines', 'AS7324G', '12:12:00', '1211-12-12'),
(10887, 1211, 'Alaska Airlines', 'AS7324G', '12:12:00', '1211-12-12'),
(10888, 1211, 'Alaska Airlines', 'AS7324G', '12:12:00', '1211-12-12'),
(10889, 1211, 'Alaska Airlines', 'AS7324G', '12:12:00', '1211-12-12'),
(10890, 1211, 'Alaska Airlines', 'AS7324G', '12:12:00', '1211-12-12'),
(10891, 1211, 'Alaska Airlines', 'AS7324G', '12:12:00', '1211-12-12'),
(10892, 1211, 'Alaska Airlines', 'AS7324G', '12:12:00', '1211-12-12'),
(10893, 1211, 'Alaska Airlines', 'AS7324G', '12:12:00', '1211-12-12'),
(10894, 1211, 'Alaska Airlines', 'AS7324G', '12:12:00', '1211-12-12'),
(10895, 1211, 'Alaska Airlines', 'AS7324G', '12:12:00', '1211-12-12'),
(10896, 1211, 'Alaska Airlines', 'AS7324G', '12:12:00', '1211-12-12'),
(10897, 1211, 'Alaska Airlines', 'AS7324G', '12:12:00', '1211-12-12'),
(10898, 1211, 'Alaska Airlines', 'AS7324G', '12:12:00', '1211-12-12'),
(10899, 1211, 'Alaska Airlines', 'AS7324G', '12:12:00', '1211-12-12'),
(10900, 1211, 'Alaska Airlines', 'AS7324G', '12:12:00', '1211-12-12'),
(10901, 1211, 'Alaska Airlines', 'AS7324G', '12:12:00', '1211-12-12'),
(10902, 1211, 'Alaska Airlines', 'AS7324G', '12:12:00', '1211-12-12'),
(10903, 1211, 'Alaska Airlines', 'AS7324G', '12:12:00', '1211-12-12'),
(10904, 1211, 'Alaska Airlines', 'AS7324G', '12:12:00', '1211-12-12'),
(10905, 1211, 'Alaska Airlines', 'AS7324G', '12:12:00', '1211-12-12'),
(10906, 1211, 'Alaska Airlines', 'AS7324G', '12:12:00', '1211-12-12'),
(10907, 1211, 'Alaska Airlines', 'AS7324G', '12:12:00', '1211-12-12'),
(10908, 1211, 'Alaska Airlines', 'AS7324G', '12:12:00', '1211-12-12'),
(10909, 1211, 'Alaska Airlines', 'AS7324G', '12:12:00', '1211-12-12'),
(10910, 1211, 'Alaska Airlines', 'AS7324G', '12:12:00', '1211-12-12'),
(10911, 1211, 'Alaska Airlines', 'AS7324G', '12:12:00', '1211-12-12'),
(10912, 1211, 'Alaska Airlines', 'AS7324G', '12:12:00', '1211-12-12'),
(10913, 1211, 'Alaska Airlines', 'AS7324G', '12:12:00', '1211-12-12'),
(10914, 1211, 'Alaska Airlines', 'AS7324G', '12:12:00', '1211-12-12'),
(10915, 1211, 'Alaska Airlines', 'AS7324G', '12:12:00', '1211-12-12'),
(10916, 1211, 'Alaska Airlines', 'AS7324G', '12:12:00', '1211-12-12'),
(10917, 1211, 'Alaska Airlines', 'AS7324G', '12:12:00', '1211-12-12'),
(10918, 1211, 'Alaska Airlines', 'AS7324G', '12:12:00', '1211-12-12'),
(10919, 1211, 'Alaska Airlines', 'AS7324G', '12:12:00', '1211-12-12'),
(10920, 1211, 'Alaska Airlines', 'AS7324G', '12:12:00', '1211-12-12'),
(10921, 1211, 'Alaska Airlines', 'AS7324G', '12:12:00', '1211-12-12'),
(10922, 1211, 'Alaska Airlines', 'AS7324G', '12:12:00', '1211-12-12'),
(10923, 1211, 'Alaska Airlines', 'AS7324G', '12:12:00', '1211-12-12'),
(10924, 1211, 'Alaska Airlines', 'AS7324G', '12:12:00', '1211-12-12'),
(10925, 1211, 'Alaska Airlines', 'AS7324G', '12:12:00', '1211-12-12'),
(10926, 1211, 'Alaska Airlines', 'AS7324G', '12:12:00', '1211-12-12'),
(10927, 1211, 'Alaska Airlines', 'AS7324G', '12:12:00', '1211-12-12'),
(10928, 1211, 'Alaska Airlines', 'AS7324G', '12:12:00', '1211-12-12'),
(10929, 1211, 'Alaska Airlines', 'AS7324G', '12:12:00', '1211-12-12'),
(10930, 1211, 'Alaska Airlines', 'AS7324G', '12:12:00', '1211-12-12'),
(10931, 1211, 'Alaska Airlines', 'AS7324G', '12:12:00', '1211-12-12'),
(10932, 1211, 'Alaska Airlines', 'AS7324G', '12:12:00', '1211-12-12'),
(10933, 1211, 'Alaska Airlines', 'AS7324G', '12:12:00', '1211-12-12'),
(10934, 1211, 'Alaska Airlines', 'AS7324G', '12:12:00', '1211-12-12'),
(10935, 1211, 'Alaska Airlines', 'AS7324G', '12:12:00', '1211-12-12'),
(10936, 1211, 'Alaska Airlines', 'AS7324G', '12:12:00', '1211-12-12'),
(10937, 1211, 'Alaska Airlines', 'AS7324G', '12:12:00', '1211-12-12'),
(10938, 1211, 'Alaska Airlines', 'AS7324G', '12:12:00', '1211-12-12'),
(10939, 1211, 'Alaska Airlines', 'AS7324G', '12:12:00', '1211-12-12'),
(10940, 1211, 'Alaska Airlines', 'AS7324G', '12:12:00', '1211-12-12'),
(10941, 1211, 'Alaska Airlines', 'AS7324G', '12:12:00', '1211-12-12'),
(10942, 1211, 'Alaska Airlines', 'AS7324G', '12:12:00', '1211-12-12'),
(10943, 1211, 'Alaska Airlines', 'AS7324G', '12:12:00', '1211-12-12'),
(10944, 1211, 'Alaska Airlines', 'AS7324G', '12:12:00', '1211-12-12'),
(10945, 1211, 'Alaska Airlines', 'AS7324G', '12:12:00', '1211-12-12'),
(10946, 1211, 'Alaska Airlines', 'AS7324G', '12:12:00', '1211-12-12'),
(10947, 1211, 'Alaska Airlines', 'AS7324G', '12:12:00', '1211-12-12'),
(10948, 1211, 'Alaska Airlines', 'AS7324G', '12:12:00', '1211-12-12'),
(10949, 1211, 'Alaska Airlines', 'AS7324G', '12:12:00', '1211-12-12'),
(10950, 1211, 'Alaska Airlines', 'AS7324G', '12:12:00', '1211-12-12'),
(10951, 1211, 'Alaska Airlines', 'AS7324G', '12:12:00', '1211-12-12'),
(10952, 122.98, 'Alaska Airlines', 'AS7324H', '10:30:00', '2024-12-03'),
(10953, 122.98, 'Alaska Airlines', 'AS7324H', '10:30:00', '2024-12-03'),
(10954, 122.98, 'Alaska Airlines', 'AS7324H', '10:30:00', '2024-12-03'),
(10955, 122.98, 'Alaska Airlines', 'AS7324H', '10:30:00', '2024-12-03'),
(10956, 122.98, 'Alaska Airlines', 'AS7324H', '10:30:00', '2024-12-03'),
(10957, 122.98, 'Alaska Airlines', 'AS7324H', '10:30:00', '2024-12-03'),
(10958, 122.98, 'Alaska Airlines', 'AS7324H', '10:30:00', '2024-12-03'),
(10959, 122.98, 'Alaska Airlines', 'AS7324H', '10:30:00', '2024-12-03'),
(10960, 122.98, 'Alaska Airlines', 'AS7324H', '10:30:00', '2024-12-03'),
(10961, 122.98, 'Alaska Airlines', 'AS7324H', '10:30:00', '2024-12-03'),
(10962, 122.98, 'Alaska Airlines', 'AS7324H', '10:30:00', '2024-12-03'),
(10963, 122.98, 'Alaska Airlines', 'AS7324H', '10:30:00', '2024-12-03'),
(10964, 122.98, 'Alaska Airlines', 'AS7324H', '10:30:00', '2024-12-03'),
(10965, 122.98, 'Alaska Airlines', 'AS7324H', '10:30:00', '2024-12-03'),
(10966, 122.98, 'Alaska Airlines', 'AS7324H', '10:30:00', '2024-12-03'),
(10967, 122.98, 'Alaska Airlines', 'AS7324H', '10:30:00', '2024-12-03'),
(10968, 122.98, 'Alaska Airlines', 'AS7324H', '10:30:00', '2024-12-03'),
(10969, 122.98, 'Alaska Airlines', 'AS7324H', '10:30:00', '2024-12-03'),
(10970, 122.98, 'Alaska Airlines', 'AS7324H', '10:30:00', '2024-12-03'),
(10971, 122.98, 'Alaska Airlines', 'AS7324H', '10:30:00', '2024-12-03'),
(10972, 122.98, 'Alaska Airlines', 'AS7324H', '10:30:00', '2024-12-03'),
(10973, 122.98, 'Alaska Airlines', 'AS7324H', '10:30:00', '2024-12-03'),
(10974, 122.98, 'Alaska Airlines', 'AS7324H', '10:30:00', '2024-12-03'),
(10975, 122.98, 'Alaska Airlines', 'AS7324H', '10:30:00', '2024-12-03'),
(10976, 122.98, 'Alaska Airlines', 'AS7324H', '10:30:00', '2024-12-03'),
(10977, 122.98, 'Alaska Airlines', 'AS7324H', '10:30:00', '2024-12-03'),
(10978, 122.98, 'Alaska Airlines', 'AS7324H', '10:30:00', '2024-12-03'),
(10979, 122.98, 'Alaska Airlines', 'AS7324H', '10:30:00', '2024-12-03'),
(10980, 122.98, 'Alaska Airlines', 'AS7324H', '10:30:00', '2024-12-03'),
(10981, 122.98, 'Alaska Airlines', 'AS7324H', '10:30:00', '2024-12-03'),
(10982, 122.98, 'Alaska Airlines', 'AS7324H', '10:30:00', '2024-12-03'),
(10983, 122.98, 'Alaska Airlines', 'AS7324H', '10:30:00', '2024-12-03'),
(10984, 122.98, 'Alaska Airlines', 'AS7324H', '10:30:00', '2024-12-03'),
(10985, 122.98, 'Alaska Airlines', 'AS7324H', '10:30:00', '2024-12-03'),
(10986, 122.98, 'Alaska Airlines', 'AS7324H', '10:30:00', '2024-12-03'),
(10987, 122.98, 'Alaska Airlines', 'AS7324H', '10:30:00', '2024-12-03'),
(10988, 122.98, 'Alaska Airlines', 'AS7324H', '10:30:00', '2024-12-03'),
(10989, 122.98, 'Alaska Airlines', 'AS7324H', '10:30:00', '2024-12-03'),
(10990, 122.98, 'Alaska Airlines', 'AS7324H', '10:30:00', '2024-12-03'),
(10991, 122.98, 'Alaska Airlines', 'AS7324H', '10:30:00', '2024-12-03'),
(10992, 122.98, 'Alaska Airlines', 'AS7324H', '10:30:00', '2024-12-03'),
(10993, 122.98, 'Alaska Airlines', 'AS7324H', '10:30:00', '2024-12-03'),
(10994, 122.98, 'Alaska Airlines', 'AS7324H', '10:30:00', '2024-12-03'),
(10995, 122.98, 'Alaska Airlines', 'AS7324H', '10:30:00', '2024-12-03'),
(10996, 122.98, 'Alaska Airlines', 'AS7324H', '10:30:00', '2024-12-03'),
(10997, 122.98, 'Alaska Airlines', 'AS7324H', '10:30:00', '2024-12-03'),
(10998, 122.98, 'Alaska Airlines', 'AS7324H', '10:30:00', '2024-12-03'),
(10999, 122.98, 'Alaska Airlines', 'AS7324H', '10:30:00', '2024-12-03'),
(11000, 122.98, 'Alaska Airlines', 'AS7324H', '10:30:00', '2024-12-03'),
(11001, 122.98, 'Alaska Airlines', 'AS7324H', '10:30:00', '2024-12-03'),
(11002, 122.98, 'Alaska Airlines', 'AS7324H', '10:30:00', '2024-12-03'),
(11003, 122.98, 'Alaska Airlines', 'AS7324H', '10:30:00', '2024-12-03'),
(11004, 122.98, 'Alaska Airlines', 'AS7324H', '10:30:00', '2024-12-03'),
(11005, 122.98, 'Alaska Airlines', 'AS7324H', '10:30:00', '2024-12-03'),
(11006, 122.98, 'Alaska Airlines', 'AS7324H', '10:30:00', '2024-12-03'),
(11007, 122.98, 'Alaska Airlines', 'AS7324H', '10:30:00', '2024-12-03'),
(11008, 122.98, 'Alaska Airlines', 'AS7324H', '10:30:00', '2024-12-03'),
(11009, 122.98, 'Alaska Airlines', 'AS7324H', '10:30:00', '2024-12-03'),
(11010, 122.98, 'Alaska Airlines', 'AS7324H', '10:30:00', '2024-12-03'),
(11011, 122.98, 'Alaska Airlines', 'AS7324H', '10:30:00', '2024-12-03'),
(11012, 122.98, 'Alaska Airlines', 'AS7324H', '10:30:00', '2024-12-03'),
(11013, 122.98, 'Alaska Airlines', 'AS7324H', '10:30:00', '2024-12-03'),
(11014, 122.98, 'Alaska Airlines', 'AS7324H', '10:30:00', '2024-12-03'),
(11015, 122.98, 'Alaska Airlines', 'AS7324H', '10:30:00', '2024-12-03'),
(11016, 122.98, 'Alaska Airlines', 'AS7324H', '10:30:00', '2024-12-03'),
(11017, 122.98, 'Alaska Airlines', 'AS7324H', '10:30:00', '2024-12-03'),
(11018, 122.98, 'Alaska Airlines', 'AS7324H', '10:30:00', '2024-12-03'),
(11019, 122.98, 'Alaska Airlines', 'AS7324H', '10:30:00', '2024-12-03'),
(11020, 122.98, 'Alaska Airlines', 'AS7324H', '10:30:00', '2024-12-03'),
(11021, 122.98, 'Alaska Airlines', 'AS7324H', '10:30:00', '2024-12-03'),
(11022, 122.98, 'Alaska Airlines', 'AS7324H', '10:30:00', '2024-12-03'),
(11023, 122.98, 'Alaska Airlines', 'AS7324H', '10:30:00', '2024-12-03'),
(11024, 122.98, 'Alaska Airlines', 'AS7324H', '10:30:00', '2024-12-03'),
(11025, 122.98, 'Alaska Airlines', 'AS7324H', '10:30:00', '2024-12-03'),
(11026, 122.98, 'Alaska Airlines', 'AS7324H', '10:30:00', '2024-12-03'),
(11027, 122.98, 'Alaska Airlines', 'AS7324H', '10:30:00', '2024-12-03'),
(11028, 122.98, 'Alaska Airlines', 'AS7324H', '10:30:00', '2024-12-03'),
(11029, 122.98, 'Alaska Airlines', 'AS7324H', '10:30:00', '2024-12-03'),
(11030, 122.98, 'Alaska Airlines', 'AS7324H', '10:30:00', '2024-12-03'),
(11031, 122.98, 'Alaska Airlines', 'AS7324H', '10:30:00', '2024-12-03'),
(11032, 122.98, 'Alaska Airlines', 'AS7324H', '10:30:00', '2024-12-03'),
(11033, 122.98, 'Alaska Airlines', 'AS7324H', '10:30:00', '2024-12-03'),
(11034, 122.98, 'Alaska Airlines', 'AS7324H', '10:30:00', '2024-12-03'),
(11035, 122.98, 'Alaska Airlines', 'AS7324H', '10:30:00', '2024-12-03'),
(11036, 122.98, 'Alaska Airlines', 'AS7324H', '10:30:00', '2024-12-03'),
(11037, 122.98, 'Alaska Airlines', 'AS7324H', '10:30:00', '2024-12-03'),
(11038, 122.98, 'Alaska Airlines', 'AS7324H', '10:30:00', '2024-12-03'),
(11039, 122.98, 'Alaska Airlines', 'AS7324H', '10:30:00', '2024-12-03'),
(11040, 122.98, 'Alaska Airlines', 'AS7324H', '10:30:00', '2024-12-03'),
(11041, 122.98, 'Alaska Airlines', 'AS7324H', '10:30:00', '2024-12-03'),
(11042, 122.98, 'Alaska Airlines', 'AS7324H', '10:30:00', '2024-12-03'),
(11043, 122.98, 'Alaska Airlines', 'AS7324H', '10:30:00', '2024-12-03'),
(11044, 122.98, 'Alaska Airlines', 'AS7324H', '10:30:00', '2024-12-03'),
(11045, 122.98, 'Alaska Airlines', 'AS7324H', '10:30:00', '2024-12-03'),
(11046, 122.98, 'Alaska Airlines', 'AS7324H', '10:30:00', '2024-12-03'),
(11047, 122.98, 'Alaska Airlines', 'AS7324H', '10:30:00', '2024-12-03'),
(11048, 122.98, 'Alaska Airlines', 'AS7324H', '10:30:00', '2024-12-03'),
(11049, 122.98, 'Alaska Airlines', 'AS7324H', '10:30:00', '2024-12-03'),
(11050, 122.98, 'Alaska Airlines', 'AS7324H', '10:30:00', '2024-12-03'),
(11051, 122.98, 'Alaska Airlines', 'AS7324H', '10:30:00', '2024-12-03'),
(11052, 122.98, 'Alaska Airlines', 'AS7324H', '10:30:00', '2024-12-03'),
(11053, 122.98, 'Alaska Airlines', 'AS7324H', '10:30:00', '2024-12-03'),
(11054, 122.98, 'Alaska Airlines', 'AS7324H', '10:30:00', '2024-12-03'),
(11055, 122.98, 'Alaska Airlines', 'AS7324H', '10:30:00', '2024-12-03'),
(11056, 122.98, 'Alaska Airlines', 'AS7324H', '10:30:00', '2024-12-03'),
(11057, 122.98, 'Alaska Airlines', 'AS7324H', '10:30:00', '2024-12-03'),
(11058, 122.98, 'Alaska Airlines', 'AS7324H', '10:30:00', '2024-12-03'),
(11059, 122.98, 'Alaska Airlines', 'AS7324H', '10:30:00', '2024-12-03'),
(11060, 122.98, 'Alaska Airlines', 'AS7324H', '10:30:00', '2024-12-03'),
(11061, 122.98, 'Alaska Airlines', 'AS7324H', '10:30:00', '2024-12-03'),
(11062, 122.98, 'Alaska Airlines', 'AS7324H', '10:30:00', '2024-12-03'),
(11063, 122.98, 'Alaska Airlines', 'AS7324H', '10:30:00', '2024-12-03'),
(11064, 122.98, 'Alaska Airlines', 'AS7324H', '10:30:00', '2024-12-03'),
(11065, 122.98, 'Alaska Airlines', 'AS7324H', '10:30:00', '2024-12-03'),
(11066, 122.98, 'Alaska Airlines', 'AS7324H', '10:30:00', '2024-12-03'),
(11067, 122.98, 'Alaska Airlines', 'AS7324H', '10:30:00', '2024-12-03'),
(11068, 122.98, 'Alaska Airlines', 'AS7324H', '10:30:00', '2024-12-03'),
(11069, 122.98, 'Alaska Airlines', 'AS7324H', '10:30:00', '2024-12-03'),
(11070, 122.98, 'Alaska Airlines', 'AS7324H', '10:30:00', '2024-12-03'),
(11071, 122.98, 'Alaska Airlines', 'AS7324H', '10:30:00', '2024-12-03'),
(11072, 122.98, 'Alaska Airlines', 'AS7324H', '10:30:00', '2024-12-03'),
(11073, 122.98, 'Alaska Airlines', 'AS7324H', '10:30:00', '2024-12-03'),
(11074, 122.98, 'Alaska Airlines', 'AS7324H', '10:30:00', '2024-12-03'),
(11075, 122.98, 'Alaska Airlines', 'AS7324H', '10:30:00', '2024-12-03'),
(11076, 122.98, 'Alaska Airlines', 'AS7324H', '10:30:00', '2024-12-03'),
(11077, 122.98, 'Alaska Airlines', 'AS7324H', '10:30:00', '2024-12-03'),
(11078, 122.98, 'Alaska Airlines', 'AS7324H', '10:30:00', '2024-12-03'),
(11079, 122.98, 'Alaska Airlines', 'AS7324H', '10:30:00', '2024-12-03'),
(11080, 122.98, 'Alaska Airlines', 'AS7324H', '10:30:00', '2024-12-03'),
(11081, 122.98, 'Alaska Airlines', 'AS7324H', '10:30:00', '2024-12-03'),
(11082, 122.98, 'Alaska Airlines', 'AS7324H', '10:30:00', '2024-12-03'),
(11083, 122.98, 'Alaska Airlines', 'AS7324H', '10:30:00', '2024-12-03'),
(11084, 122.98, 'Alaska Airlines', 'AS7324H', '10:30:00', '2024-12-03'),
(11085, 122.98, 'Alaska Airlines', 'AS7324H', '10:30:00', '2024-12-03'),
(11086, 122.98, 'Alaska Airlines', 'AS7324H', '10:30:00', '2024-12-03'),
(11087, 122.98, 'Alaska Airlines', 'AS7324H', '10:30:00', '2024-12-03'),
(11088, 122.98, 'Alaska Airlines', 'AS7324H', '10:30:00', '2024-12-03'),
(11089, 122.98, 'Alaska Airlines', 'AS7324H', '10:30:00', '2024-12-03'),
(11090, 122.98, 'Alaska Airlines', 'AS7324H', '10:30:00', '2024-12-03'),
(11091, 122.98, 'Alaska Airlines', 'AS7324H', '10:30:00', '2024-12-03'),
(11092, 122.98, 'Alaska Airlines', 'AS7324H', '10:30:00', '2024-12-03'),
(11093, 122.98, 'Alaska Airlines', 'AS7324H', '10:30:00', '2024-12-03'),
(11094, 122.98, 'Alaska Airlines', 'AS7324H', '10:30:00', '2024-12-03'),
(11095, 122.98, 'Alaska Airlines', 'AS7324H', '10:30:00', '2024-12-03'),
(11096, 122.98, 'Alaska Airlines', 'AS7324H', '10:30:00', '2024-12-03'),
(11097, 122.98, 'Alaska Airlines', 'AS7324H', '10:30:00', '2024-12-03'),
(11098, 122.98, 'Alaska Airlines', 'AS7324H', '10:30:00', '2024-12-03'),
(11099, 122.98, 'Alaska Airlines', 'AS7324H', '10:30:00', '2024-12-03'),
(11100, 122.98, 'Alaska Airlines', 'AS7324H', '10:30:00', '2024-12-03'),
(11101, 122.98, 'Alaska Airlines', 'AS7324H', '10:30:00', '2024-12-03'),
(11102, 122.98, 'Alaska Airlines', 'AS7324H', '10:30:00', '2024-12-03'),
(11103, 122.98, 'Alaska Airlines', 'AS7324H', '10:30:00', '2024-12-03'),
(11104, 122.98, 'Alaska Airlines', 'AS7324H', '10:30:00', '2024-12-03'),
(11105, 122.98, 'Alaska Airlines', 'AS7324H', '10:30:00', '2024-12-03'),
(11106, 122.98, 'Alaska Airlines', 'AS7324H', '10:30:00', '2024-12-03'),
(11107, 122.98, 'Alaska Airlines', 'AS7324H', '10:30:00', '2024-12-03'),
(11108, 122.98, 'Alaska Airlines', 'AS7324H', '10:30:00', '2024-12-03'),
(11109, 122.98, 'Alaska Airlines', 'AS7324H', '10:30:00', '2024-12-03'),
(11110, 122.98, 'Alaska Airlines', 'AS7324H', '10:30:00', '2024-12-03'),
(11111, 122.98, 'Alaska Airlines', 'AS7324H', '10:30:00', '2024-12-03'),
(11112, 21414, 'Alaska Airlines', 'AS7324K', '01:00:00', '2024-12-08'),
(11113, 21414, 'Alaska Airlines', 'AS7324K', '01:00:00', '2024-12-08'),
(11114, 21414, 'Alaska Airlines', 'AS7324K', '01:00:00', '2024-12-08'),
(11115, 21414, 'Alaska Airlines', 'AS7324K', '01:00:00', '2024-12-08'),
(11116, 21414, 'Alaska Airlines', 'AS7324K', '01:00:00', '2024-12-08'),
(11117, 21414, 'Alaska Airlines', 'AS7324K', '01:00:00', '2024-12-08'),
(11118, 21414, 'Alaska Airlines', 'AS7324K', '01:00:00', '2024-12-08'),
(11119, 21414, 'Alaska Airlines', 'AS7324K', '01:00:00', '2024-12-08'),
(11120, 21414, 'Alaska Airlines', 'AS7324K', '01:00:00', '2024-12-08'),
(11121, 21414, 'Alaska Airlines', 'AS7324K', '01:00:00', '2024-12-08'),
(11122, 21414, 'Alaska Airlines', 'AS7324K', '01:00:00', '2024-12-08'),
(11123, 21414, 'Alaska Airlines', 'AS7324K', '01:00:00', '2024-12-08'),
(11124, 21414, 'Alaska Airlines', 'AS7324K', '01:00:00', '2024-12-08'),
(11125, 21414, 'Alaska Airlines', 'AS7324K', '01:00:00', '2024-12-08'),
(11126, 21414, 'Alaska Airlines', 'AS7324K', '01:00:00', '2024-12-08'),
(11127, 21414, 'Alaska Airlines', 'AS7324K', '01:00:00', '2024-12-08'),
(11128, 21414, 'Alaska Airlines', 'AS7324K', '01:00:00', '2024-12-08'),
(11129, 21414, 'Alaska Airlines', 'AS7324K', '01:00:00', '2024-12-08'),
(11130, 21414, 'Alaska Airlines', 'AS7324K', '01:00:00', '2024-12-08'),
(11131, 21414, 'Alaska Airlines', 'AS7324K', '01:00:00', '2024-12-08'),
(11132, 21414, 'Alaska Airlines', 'AS7324K', '01:00:00', '2024-12-08'),
(11133, 21414, 'Alaska Airlines', 'AS7324K', '01:00:00', '2024-12-08'),
(11134, 21414, 'Alaska Airlines', 'AS7324K', '01:00:00', '2024-12-08'),
(11135, 21414, 'Alaska Airlines', 'AS7324K', '01:00:00', '2024-12-08'),
(11136, 21414, 'Alaska Airlines', 'AS7324K', '01:00:00', '2024-12-08'),
(11137, 21414, 'Alaska Airlines', 'AS7324K', '01:00:00', '2024-12-08'),
(11138, 21414, 'Alaska Airlines', 'AS7324K', '01:00:00', '2024-12-08'),
(11139, 21414, 'Alaska Airlines', 'AS7324K', '01:00:00', '2024-12-08'),
(11140, 21414, 'Alaska Airlines', 'AS7324K', '01:00:00', '2024-12-08'),
(11141, 21414, 'Alaska Airlines', 'AS7324K', '01:00:00', '2024-12-08'),
(11142, 21414, 'Alaska Airlines', 'AS7324K', '01:00:00', '2024-12-08'),
(11143, 21414, 'Alaska Airlines', 'AS7324K', '01:00:00', '2024-12-08'),
(11144, 21414, 'Alaska Airlines', 'AS7324K', '01:00:00', '2024-12-08'),
(11145, 21414, 'Alaska Airlines', 'AS7324K', '01:00:00', '2024-12-08'),
(11146, 21414, 'Alaska Airlines', 'AS7324K', '01:00:00', '2024-12-08'),
(11147, 21414, 'Alaska Airlines', 'AS7324K', '01:00:00', '2024-12-08'),
(11148, 21414, 'Alaska Airlines', 'AS7324K', '01:00:00', '2024-12-08'),
(11149, 21414, 'Alaska Airlines', 'AS7324K', '01:00:00', '2024-12-08'),
(11150, 21414, 'Alaska Airlines', 'AS7324K', '01:00:00', '2024-12-08'),
(11151, 21414, 'Alaska Airlines', 'AS7324K', '01:00:00', '2024-12-08'),
(11152, 21414, 'Alaska Airlines', 'AS7324K', '01:00:00', '2024-12-08'),
(11153, 21414, 'Alaska Airlines', 'AS7324K', '01:00:00', '2024-12-08'),
(11154, 21414, 'Alaska Airlines', 'AS7324K', '01:00:00', '2024-12-08'),
(11155, 21414, 'Alaska Airlines', 'AS7324K', '01:00:00', '2024-12-08'),
(11156, 21414, 'Alaska Airlines', 'AS7324K', '01:00:00', '2024-12-08'),
(11157, 21414, 'Alaska Airlines', 'AS7324K', '01:00:00', '2024-12-08'),
(11158, 21414, 'Alaska Airlines', 'AS7324K', '01:00:00', '2024-12-08'),
(11159, 21414, 'Alaska Airlines', 'AS7324K', '01:00:00', '2024-12-08'),
(11160, 21414, 'Alaska Airlines', 'AS7324K', '01:00:00', '2024-12-08'),
(11161, 21414, 'Alaska Airlines', 'AS7324K', '01:00:00', '2024-12-08'),
(11162, 21414, 'Alaska Airlines', 'AS7324K', '01:00:00', '2024-12-08'),
(11163, 21414, 'Alaska Airlines', 'AS7324K', '01:00:00', '2024-12-08'),
(11164, 21414, 'Alaska Airlines', 'AS7324K', '01:00:00', '2024-12-08'),
(11165, 21414, 'Alaska Airlines', 'AS7324K', '01:00:00', '2024-12-08'),
(11166, 21414, 'Alaska Airlines', 'AS7324K', '01:00:00', '2024-12-08'),
(11167, 21414, 'Alaska Airlines', 'AS7324K', '01:00:00', '2024-12-08'),
(11168, 21414, 'Alaska Airlines', 'AS7324K', '01:00:00', '2024-12-08'),
(11169, 21414, 'Alaska Airlines', 'AS7324K', '01:00:00', '2024-12-08'),
(11170, 21414, 'Alaska Airlines', 'AS7324K', '01:00:00', '2024-12-08'),
(11171, 21414, 'Alaska Airlines', 'AS7324K', '01:00:00', '2024-12-08'),
(11172, 21414, 'Alaska Airlines', 'AS7324K', '01:00:00', '2024-12-08'),
(11173, 21414, 'Alaska Airlines', 'AS7324K', '01:00:00', '2024-12-08'),
(11174, 21414, 'Alaska Airlines', 'AS7324K', '01:00:00', '2024-12-08'),
(11175, 21414, 'Alaska Airlines', 'AS7324K', '01:00:00', '2024-12-08'),
(11176, 21414, 'Alaska Airlines', 'AS7324K', '01:00:00', '2024-12-08'),
(11177, 21414, 'Alaska Airlines', 'AS7324K', '01:00:00', '2024-12-08'),
(11178, 21414, 'Alaska Airlines', 'AS7324K', '01:00:00', '2024-12-08'),
(11179, 21414, 'Alaska Airlines', 'AS7324K', '01:00:00', '2024-12-08'),
(11180, 21414, 'Alaska Airlines', 'AS7324K', '01:00:00', '2024-12-08'),
(11181, 21414, 'Alaska Airlines', 'AS7324K', '01:00:00', '2024-12-08'),
(11182, 21414, 'Alaska Airlines', 'AS7324K', '01:00:00', '2024-12-08'),
(11183, 21414, 'Alaska Airlines', 'AS7324K', '01:00:00', '2024-12-08'),
(11184, 21414, 'Alaska Airlines', 'AS7324K', '01:00:00', '2024-12-08'),
(11185, 21414, 'Alaska Airlines', 'AS7324K', '01:00:00', '2024-12-08'),
(11186, 21414, 'Alaska Airlines', 'AS7324K', '01:00:00', '2024-12-08'),
(11187, 21414, 'Alaska Airlines', 'AS7324K', '01:00:00', '2024-12-08'),
(11188, 21414, 'Alaska Airlines', 'AS7324K', '01:00:00', '2024-12-08'),
(11189, 21414, 'Alaska Airlines', 'AS7324K', '01:00:00', '2024-12-08'),
(11190, 21414, 'Alaska Airlines', 'AS7324K', '01:00:00', '2024-12-08'),
(11191, 21414, 'Alaska Airlines', 'AS7324K', '01:00:00', '2024-12-08'),
(11192, 21414, 'Alaska Airlines', 'AS7324K', '01:00:00', '2024-12-08'),
(11193, 21414, 'Alaska Airlines', 'AS7324K', '01:00:00', '2024-12-08'),
(11194, 21414, 'Alaska Airlines', 'AS7324K', '01:00:00', '2024-12-08'),
(11195, 21414, 'Alaska Airlines', 'AS7324K', '01:00:00', '2024-12-08'),
(11196, 21414, 'Alaska Airlines', 'AS7324K', '01:00:00', '2024-12-08'),
(11197, 21414, 'Alaska Airlines', 'AS7324K', '01:00:00', '2024-12-08'),
(11198, 21414, 'Alaska Airlines', 'AS7324K', '01:00:00', '2024-12-08'),
(11199, 21414, 'Alaska Airlines', 'AS7324K', '01:00:00', '2024-12-08'),
(11200, 21414, 'Alaska Airlines', 'AS7324K', '01:00:00', '2024-12-08'),
(11201, 21414, 'Alaska Airlines', 'AS7324K', '01:00:00', '2024-12-08'),
(11202, 21414, 'Alaska Airlines', 'AS7324K', '01:00:00', '2024-12-08'),
(11203, 21414, 'Alaska Airlines', 'AS7324K', '01:00:00', '2024-12-08'),
(11204, 21414, 'Alaska Airlines', 'AS7324K', '01:00:00', '2024-12-08'),
(11205, 21414, 'Alaska Airlines', 'AS7324K', '01:00:00', '2024-12-08'),
(11206, 21414, 'Alaska Airlines', 'AS7324K', '01:00:00', '2024-12-08'),
(11207, 21414, 'Alaska Airlines', 'AS7324K', '01:00:00', '2024-12-08'),
(11208, 21414, 'Alaska Airlines', 'AS7324K', '01:00:00', '2024-12-08'),
(11209, 21414, 'Alaska Airlines', 'AS7324K', '01:00:00', '2024-12-08'),
(11210, 21414, 'Alaska Airlines', 'AS7324K', '01:00:00', '2024-12-08'),
(11211, 21414, 'Alaska Airlines', 'AS7324K', '01:00:00', '2024-12-08'),
(11212, 21414, 'Alaska Airlines', 'AS7324K', '01:00:00', '2024-12-08'),
(11213, 21414, 'Alaska Airlines', 'AS7324K', '01:00:00', '2024-12-08'),
(11214, 21414, 'Alaska Airlines', 'AS7324K', '01:00:00', '2024-12-08'),
(11215, 21414, 'Alaska Airlines', 'AS7324K', '01:00:00', '2024-12-08'),
(11216, 21414, 'Alaska Airlines', 'AS7324K', '01:00:00', '2024-12-08'),
(11217, 21414, 'Alaska Airlines', 'AS7324K', '01:00:00', '2024-12-08'),
(11218, 21414, 'Alaska Airlines', 'AS7324K', '01:00:00', '2024-12-08'),
(11219, 21414, 'Alaska Airlines', 'AS7324K', '01:00:00', '2024-12-08'),
(11220, 21414, 'Alaska Airlines', 'AS7324K', '01:00:00', '2024-12-08'),
(11221, 21414, 'Alaska Airlines', 'AS7324K', '01:00:00', '2024-12-08'),
(11222, 21414, 'Alaska Airlines', 'AS7324K', '01:00:00', '2024-12-08'),
(11223, 21414, 'Alaska Airlines', 'AS7324K', '01:00:00', '2024-12-08'),
(11224, 21414, 'Alaska Airlines', 'AS7324K', '01:00:00', '2024-12-08'),
(11225, 21414, 'Alaska Airlines', 'AS7324K', '01:00:00', '2024-12-08'),
(11226, 21414, 'Alaska Airlines', 'AS7324K', '01:00:00', '2024-12-08'),
(11227, 21414, 'Alaska Airlines', 'AS7324K', '01:00:00', '2024-12-08'),
(11228, 21414, 'Alaska Airlines', 'AS7324K', '01:00:00', '2024-12-08'),
(11229, 21414, 'Alaska Airlines', 'AS7324K', '01:00:00', '2024-12-08'),
(11230, 21414, 'Alaska Airlines', 'AS7324K', '01:00:00', '2024-12-08'),
(11231, 21414, 'Alaska Airlines', 'AS7324K', '01:00:00', '2024-12-08'),
(11232, 21414, 'Alaska Airlines', 'AS7324K', '01:00:00', '2024-12-08'),
(11233, 21414, 'Alaska Airlines', 'AS7324K', '01:00:00', '2024-12-08'),
(11234, 21414, 'Alaska Airlines', 'AS7324K', '01:00:00', '2024-12-08'),
(11235, 21414, 'Alaska Airlines', 'AS7324K', '01:00:00', '2024-12-08'),
(11236, 21414, 'Alaska Airlines', 'AS7324K', '01:00:00', '2024-12-08'),
(11237, 21414, 'Alaska Airlines', 'AS7324K', '01:00:00', '2024-12-08'),
(11238, 21414, 'Alaska Airlines', 'AS7324K', '01:00:00', '2024-12-08'),
(11239, 21414, 'Alaska Airlines', 'AS7324K', '01:00:00', '2024-12-08'),
(11240, 21414, 'Alaska Airlines', 'AS7324K', '01:00:00', '2024-12-08'),
(11241, 21414, 'Alaska Airlines', 'AS7324K', '01:00:00', '2024-12-08'),
(11242, 21414, 'Alaska Airlines', 'AS7324K', '01:00:00', '2024-12-08'),
(11243, 21414, 'Alaska Airlines', 'AS7324K', '01:00:00', '2024-12-08'),
(11244, 21414, 'Alaska Airlines', 'AS7324K', '01:00:00', '2024-12-08'),
(11245, 21414, 'Alaska Airlines', 'AS7324K', '01:00:00', '2024-12-08'),
(11246, 21414, 'Alaska Airlines', 'AS7324K', '01:00:00', '2024-12-08'),
(11247, 21414, 'Alaska Airlines', 'AS7324K', '01:00:00', '2024-12-08'),
(11248, 21414, 'Alaska Airlines', 'AS7324K', '01:00:00', '2024-12-08'),
(11249, 21414, 'Alaska Airlines', 'AS7324K', '01:00:00', '2024-12-08'),
(11250, 21414, 'Alaska Airlines', 'AS7324K', '01:00:00', '2024-12-08'),
(11251, 21414, 'Alaska Airlines', 'AS7324K', '01:00:00', '2024-12-08'),
(11252, 21414, 'Alaska Airlines', 'AS7324K', '01:00:00', '2024-12-08'),
(11253, 21414, 'Alaska Airlines', 'AS7324K', '01:00:00', '2024-12-08'),
(11254, 21414, 'Alaska Airlines', 'AS7324K', '01:00:00', '2024-12-08'),
(11255, 21414, 'Alaska Airlines', 'AS7324K', '01:00:00', '2024-12-08'),
(11256, 21414, 'Alaska Airlines', 'AS7324K', '01:00:00', '2024-12-08'),
(11257, 21414, 'Alaska Airlines', 'AS7324K', '01:00:00', '2024-12-08'),
(11258, 21414, 'Alaska Airlines', 'AS7324K', '01:00:00', '2024-12-08'),
(11259, 21414, 'Alaska Airlines', 'AS7324K', '01:00:00', '2024-12-08'),
(11260, 21414, 'Alaska Airlines', 'AS7324K', '01:00:00', '2024-12-08'),
(11261, 21414, 'Alaska Airlines', 'AS7324K', '01:00:00', '2024-12-08'),
(11262, 21414, 'Alaska Airlines', 'AS7324K', '01:00:00', '2024-12-08'),
(11263, 21414, 'Alaska Airlines', 'AS7324K', '01:00:00', '2024-12-08'),
(11264, 21414, 'Alaska Airlines', 'AS7324K', '01:00:00', '2024-12-08'),
(11265, 21414, 'Alaska Airlines', 'AS7324K', '01:00:00', '2024-12-08'),
(11266, 21414, 'Alaska Airlines', 'AS7324K', '01:00:00', '2024-12-08'),
(11267, 21414, 'Alaska Airlines', 'AS7324K', '01:00:00', '2024-12-08'),
(11268, 21414, 'Alaska Airlines', 'AS7324K', '01:00:00', '2024-12-08'),
(11269, 21414, 'Alaska Airlines', 'AS7324K', '01:00:00', '2024-12-08'),
(11270, 21414, 'Alaska Airlines', 'AS7324K', '01:00:00', '2024-12-08'),
(11271, 21414, 'Alaska Airlines', 'AS7324K', '01:00:00', '2024-12-08'),
(11272, 21414, 'Alaska Airlines', 'AS7324K', '01:00:00', '2024-12-08'),
(11273, 21414, 'Alaska Airlines', 'AS7324K', '01:00:00', '2024-12-08'),
(11274, 21414, 'Alaska Airlines', 'AS7324K', '01:00:00', '2024-12-08'),
(11275, 21414, 'Alaska Airlines', 'AS7324K', '01:00:00', '2024-12-08'),
(11276, 21414, 'Alaska Airlines', 'AS7324K', '01:00:00', '2024-12-08'),
(11277, 21414, 'Alaska Airlines', 'AS7324K', '01:00:00', '2024-12-08'),
(11278, 21414, 'Alaska Airlines', 'AS7324K', '01:00:00', '2024-12-08'),
(11279, 21414, 'Alaska Airlines', 'AS7324K', '01:00:00', '2024-12-08'),
(11280, 21414, 'Alaska Airlines', 'AS7324K', '01:00:00', '2024-12-08'),
(11281, 21414, 'Alaska Airlines', 'AS7324K', '01:00:00', '2024-12-08'),
(11282, 21414, 'Alaska Airlines', 'AS7324K', '01:00:00', '2024-12-08'),
(11283, 21414, 'Alaska Airlines', 'AS7324K', '01:00:00', '2024-12-08'),
(11284, 21414, 'Alaska Airlines', 'AS7324K', '01:00:00', '2024-12-08'),
(11285, 21414, 'Alaska Airlines', 'AS7324K', '01:00:00', '2024-12-08'),
(11286, 21414, 'Alaska Airlines', 'AS7324K', '01:00:00', '2024-12-08'),
(11287, 21414, 'Alaska Airlines', 'AS7324K', '01:00:00', '2024-12-08'),
(11288, 21414, 'Alaska Airlines', 'AS7324K', '01:00:00', '2024-12-08'),
(11289, 21414, 'Alaska Airlines', 'AS7324K', '01:00:00', '2024-12-08'),
(11290, 21414, 'Alaska Airlines', 'AS7324K', '01:00:00', '2024-12-08'),
(11291, 21414, 'Alaska Airlines', 'AS7324K', '01:00:00', '2024-12-08'),
(11292, 21414, 'Alaska Airlines', 'AS7324K', '01:00:00', '2024-12-08'),
(11293, 21414, 'Alaska Airlines', 'AS7324K', '01:00:00', '2024-12-08'),
(11294, 21414, 'Alaska Airlines', 'AS7324K', '01:00:00', '2024-12-08'),
(11295, 21414, 'Alaska Airlines', 'AS7324K', '01:00:00', '2024-12-08'),
(11296, 21414, 'Alaska Airlines', 'AS7324K', '01:00:00', '2024-12-08'),
(11297, 21414, 'Alaska Airlines', 'AS7324K', '01:00:00', '2024-12-08'),
(11298, 21414, 'Alaska Airlines', 'AS7324K', '01:00:00', '2024-12-08'),
(11299, 21414, 'Alaska Airlines', 'AS7324K', '01:00:00', '2024-12-08'),
(11300, 21414, 'Alaska Airlines', 'AS7324K', '01:00:00', '2024-12-08'),
(11301, 21414, 'Alaska Airlines', 'AS7324K', '01:00:00', '2024-12-08');

--
-- Indexes for dumped tables
--

--
-- Indexes for table `airline`
--
ALTER TABLE `airline`
  ADD PRIMARY KEY (`name`);

--
-- Indexes for table `airline_staff`
--
ALTER TABLE `airline_staff`
  ADD PRIMARY KEY (`username`),
  ADD KEY `airline_name` (`airline_name`);

--
-- Indexes for table `airline_staff_email`
--
ALTER TABLE `airline_staff_email`
  ADD PRIMARY KEY (`username`,`email_address`);

--
-- Indexes for table `airline_staff_phone_number`
--
ALTER TABLE `airline_staff_phone_number`
  ADD PRIMARY KEY (`username`,`phone_number`);

--
-- Indexes for table `airplane`
--
ALTER TABLE `airplane`
  ADD PRIMARY KEY (`airline_name`,`ID`);

--
-- Indexes for table `airport`
--
ALTER TABLE `airport`
  ADD PRIMARY KEY (`code`);

--
-- Indexes for table `customer`
--
ALTER TABLE `customer`
  ADD PRIMARY KEY (`email_address`);

--
-- Indexes for table `customer_phone_number`
--
ALTER TABLE `customer_phone_number`
  ADD PRIMARY KEY (`email_address`,`phone_number`);

--
-- Indexes for table `flight`
--
ALTER TABLE `flight`
  ADD PRIMARY KEY (`airline_name`,`flight_number`,`departure_time`,`departure_date`),
  ADD KEY `airline_name` (`airline_name`,`airplane_id`),
  ADD KEY `departure_airport_code` (`departure_airport_code`),
  ADD KEY `arrival_airport_code` (`arrival_airport_code`);

--
-- Indexes for table `maintenance_procedure`
--
ALTER TABLE `maintenance_procedure`
  ADD PRIMARY KEY (`airline_name`,`ID`,`maintenance_start_time`,`maintenance_start_date`);

--
-- Indexes for table `purchase`
--
ALTER TABLE `purchase`
  ADD PRIMARY KEY (`email_address`,`ID`),
  ADD KEY `ID` (`ID`);

--
-- Indexes for table `rate`
--
ALTER TABLE `rate`
  ADD PRIMARY KEY (`email_address`,`airline_name`,`flight_number`,`departure_time`,`departure_date`),
  ADD KEY `airline_name` (`airline_name`,`flight_number`,`departure_time`,`departure_date`);

--
-- Indexes for table `ticket`
--
ALTER TABLE `ticket`
  ADD PRIMARY KEY (`ID`),
  ADD KEY `airline_name` (`airline_name`,`flight_number`,`departure_time`,`departure_date`);

--
-- Constraints for dumped tables
--

--
-- Constraints for table `airline_staff`
--
ALTER TABLE `airline_staff`
  ADD CONSTRAINT `airline_staff_ibfk_1` FOREIGN KEY (`airline_name`) REFERENCES `airline` (`name`);

--
-- Constraints for table `airline_staff_email`
--
ALTER TABLE `airline_staff_email`
  ADD CONSTRAINT `airline_staff_email_ibfk_1` FOREIGN KEY (`username`) REFERENCES `airline_staff` (`username`);

--
-- Constraints for table `airline_staff_phone_number`
--
ALTER TABLE `airline_staff_phone_number`
  ADD CONSTRAINT `airline_staff_phone_number_ibfk_1` FOREIGN KEY (`username`) REFERENCES `airline_staff` (`username`);

--
-- Constraints for table `airplane`
--
ALTER TABLE `airplane`
  ADD CONSTRAINT `airplane_ibfk_1` FOREIGN KEY (`airline_name`) REFERENCES `airline` (`name`);

--
-- Constraints for table `customer_phone_number`
--
ALTER TABLE `customer_phone_number`
  ADD CONSTRAINT `customer_phone_number_ibfk_1` FOREIGN KEY (`email_address`) REFERENCES `customer` (`email_address`);

--
-- Constraints for table `flight`
--
ALTER TABLE `flight`
  ADD CONSTRAINT `flight_ibfk_1` FOREIGN KEY (`airline_name`,`airplane_id`) REFERENCES `airplane` (`airline_name`, `ID`),
  ADD CONSTRAINT `flight_ibfk_2` FOREIGN KEY (`departure_airport_code`) REFERENCES `airport` (`code`),
  ADD CONSTRAINT `flight_ibfk_3` FOREIGN KEY (`arrival_airport_code`) REFERENCES `airport` (`code`);

--
-- Constraints for table `maintenance_procedure`
--
ALTER TABLE `maintenance_procedure`
  ADD CONSTRAINT `maintenance_procedure_ibfk_1` FOREIGN KEY (`airline_name`,`ID`) REFERENCES `airplane` (`airline_name`, `ID`);

--
-- Constraints for table `purchase`
--
ALTER TABLE `purchase`
  ADD CONSTRAINT `purchase_ibfk_1` FOREIGN KEY (`email_address`) REFERENCES `customer` (`email_address`),
  ADD CONSTRAINT `purchase_ibfk_2` FOREIGN KEY (`ID`) REFERENCES `ticket` (`ID`);

--
-- Constraints for table `rate`
--
ALTER TABLE `rate`
  ADD CONSTRAINT `rate_ibfk_1` FOREIGN KEY (`email_address`) REFERENCES `customer` (`email_address`),
  ADD CONSTRAINT `rate_ibfk_2` FOREIGN KEY (`airline_name`,`flight_number`,`departure_time`,`departure_date`) REFERENCES `flight` (`airline_name`, `flight_number`, `departure_time`, `departure_date`);

--
-- Constraints for table `ticket`
--
ALTER TABLE `ticket`
  ADD CONSTRAINT `ticket_ibfk_1` FOREIGN KEY (`airline_name`,`flight_number`,`departure_time`,`departure_date`) REFERENCES `flight` (`airline_name`, `flight_number`, `departure_time`, `departure_date`);
COMMIT;

/*!40101 SET CHARACTER_SET_CLIENT=@OLD_CHARACTER_SET_CLIENT */;
/*!40101 SET CHARACTER_SET_RESULTS=@OLD_CHARACTER_SET_RESULTS */;
/*!40101 SET COLLATION_CONNECTION=@OLD_COLLATION_CONNECTION */;
